transaction_id,timestamp,amount,device_novelty,transaction_velocity,location_deviation,merchant_history_score,customer_tenure_days,payment_method,ip_reputation_score,category_tag,ground_truth_label
4f875195-4e60-ecaa-9e59-e17bc4e562cd,2026-07-24T17:17:22.491835Z,81566.27,0.3226,2,0.2252,0.0105,1080,UPI,0.8921,legitimate_but_unusual,legitimate
0cc88552-a714-40af-81ee-53cf53867e16,2026-08-01T01:58:08.405063Z,1219.68,0.1541,0,0.0434,0.0147,1161,netbanking,0.898,normal,legitimate
d746f822-0763-49ee-06dd-d1a623772f20,2026-08-21T23:38:53.825369Z,1182.82,0.0322,0,0.1957,0.0667,278,card,0.8855,normal,legitimate
5d9909a9-f5e7-9dd4-5fed-adc3072a9711,2026-08-13T05:20:54.580357Z,146.07,0.2019,2,0.0347,0.0228,867,UPI,0.9721,normal,legitimate
34b4995b-12ef-866a-385d-d7a518e575c2,2026-08-21T00:50:37.418685Z,705.91,0.1275,0,0.2089,0.0177,818,netbanking,0.9591,normal,legitimate
add3e013-cdff-c347-7fbd-546803ddf9af,2026-08-20T14:11:24.576236Z,2415.26,0.0851,0,0.04,0.0667,323,card,0.8593,normal,legitimate
bc062197-6005-51be-b7ea-23820222a89c,2026-08-13T14:51:53.614168Z,3454.14,0.115,0,0.0777,0.082,1108,card,0.9844,normal,legitimate
5e77ca3d-9fe9-88a3-c7dd-fbb428cd4ce0,2026-08-18T15:22:40.091511Z,440.84,0.8071,0,0.8227,0.1309,247,card,0.8075,borderline,fraud
8872db6a-3dd1-1d7c-a40e-dc38e07c43b1,2026-07-25T20:32:38.596952Z,1010.14,0.1954,0,0.0632,0.0082,424,UPI,0.9244,normal,legitimate
2fd5f0f4-663b-9762-1b4a-1a80ff63a6dd,2026-08-21T17:44:29.198762Z,56.77,0.1415,0,0.184,0.0552,1099,UPI,0.8803,normal,legitimate
41aa00ee-a9aa-d59f-2cfa-e0ce3da6ae4b,2026-07-25T18:02:07.339254Z,642.45,0.169,1,0.1607,0.0253,1148,wallet,0.8766,normal,legitimate
093cfb95-e35d-49d2-c7d5-f19f3506fe8d,2026-08-21T03:07:55.712663Z,387.79,0.2325,0,0.0983,0.0064,646,UPI,0.875,normal,legitimate
a8ef6de4-77f6-30fd-7ecc-712ffe144da0,2026-08-17T08:47:09.030381Z,1837.39,0.0577,0,0.1324,0.0626,169,UPI,0.879,normal,legitimate
2681a201-c127-7131-df54-7b490c768715,2026-08-05T18:44:42.672836Z,1377.3,0.0055,0,0.0028,0.0628,682,UPI,0.9971,normal,legitimate
678e0ee8-6768-a13a-b20f-ce9f262cf88a,2026-08-01T12:16:44.074107Z,377.21,0.0723,0,0.2369,0.0882,455,card,0.9283,normal,legitimate
7a6f2985-317d-ca4e-0b91-28dac0a7fed0,2026-07-30T15:06:01.555792Z,359.26,0.0646,1,0.0814,0.0352,328,UPI,0.8869,normal,legitimate
ab572e3a-6538-c103-d9f7-bc120aad4996,2026-08-09T18:08:53.080692Z,788.08,0.0684,0,0.0888,0.0315,210,card,0.861,normal,legitimate
ded6a7ef-355a-1ed8-3902-2fb2429515ee,2026-07-27T02:53:13.460028Z,208.41,0.0417,0,0.17,0.024,474,UPI,0.9328,normal,legitimate
1a62cf82-b052-fbac-ce02-e5a8a49b1539,2026-08-05T10:24:30.248676Z,541.41,0.8699,1,0.859,0.1607,533,UPI,0.6064,borderline,fraud
ffeaf0b5-d234-0a62-60fe-b127193f2583,2026-08-20T20:38:28.425393Z,1000.0,0.9983,5,0.9207,0.4938,37,wallet,0.2339,fraud,fraud
139ad6fc-bb83-3d81-9798-440a31be158b,2026-08-07T20:25:45.329203Z,301.89,0.1477,0,0.0925,0.1029,724,UPI,0.9053,normal,legitimate
793981ef-cddc-a8e2-5829-dec83d0f3e9e,2026-08-09T05:34:46.205563Z,1217.46,0.0527,1,0.7784,0.1591,177,card,0.5536,borderline,fraud
c050e7d6-6234-2d6f-b637-941f706c4db1,2026-08-06T08:07:43.986359Z,1050.88,0.1383,0,0.2306,0.7998,430,UPI,0.9239,merchant_anomaly,legitimate
a22357a2-2031-f707-d3e2-52207c6b42bd,2026-08-16T09:55:32.537700Z,677.98,0.0773,0,0.2011,0.0425,781,netbanking,0.8849,normal,legitimate
f0e18dfe-63df-1bbb-274c-2559795470c9,2026-08-14T19:39:06.548705Z,1028.51,0.2034,6,0.3352,0.0074,1444,UPI,0.9785,legitimate_but_unusual,legitimate
971818e3-35d8-8d67-77ec-a5c7a0e644e3,2026-07-26T14:25:27.329003Z,180.27,0.0731,1,0.079,0.0052,81,UPI,0.9064,normal,legitimate
8f17b288-5d6d-c3fd-2719-63240159ecd1,2026-08-18T12:17:00.251375Z,1805.41,0.0137,0,0.0553,0.0073,1193,UPI,0.9059,normal,legitimate
0d726fa4-020e-31b9-d73e-9a10e4bea81a,2026-08-13T23:20:09.208768Z,1036.4,0.0387,0,0.0712,0.0963,273,UPI,0.9462,normal,legitimate
0183dffc-3f45-4846-22b7-ed220611d898,2026-08-10T17:50:13.316511Z,402.64,0.1875,0,0.2335,0.0872,434,UPI,0.8904,normal,legitimate
f803940b-bd5e-0ff6-27d9-4853d45e33d8,2026-07-25T03:02:57.514390Z,934.24,0.0228,0,0.0326,0.0982,889,UPI,0.9068,normal,legitimate
a5965533-afff-bc39-f823-d97dbbdb2b29,2026-08-06T14:06:00.027303Z,191.72,0.1952,1,0.2492,0.0334,948,UPI,0.9885,normal,legitimate
0465f9b9-02c2-a6e1-c041-e7fd83972447,2026-08-13T18:10:17.610881Z,845.33,0.1237,0,0.0146,0.0092,541,UPI,0.8572,normal,legitimate
ecf65b44-2085-e1bb-05e5-ede0d7507185,2026-08-05T12:27:47.902221Z,3358.61,0.0136,0,0.0687,0.0897,1113,UPI,0.9905,normal,legitimate
df330915-6f99-c083-dbac-c5f7505d1ee6,2026-08-13T06:36:53.692274Z,248.67,0.2288,1,0.1829,0.0001,1038,UPI,0.9176,normal,legitimate
b89bb1a6-1649-7d6f-af2c-f59e7fa3c693,2026-08-16T09:18:57.130016Z,1259.68,0.1639,0,0.0281,0.0353,892,wallet,0.9933,normal,legitimate
96083835-54ec-1ed9-92d0-ca066f4e6e1f,2026-08-02T23:17:35.965802Z,310.45,0.1284,0,0.23,0.0318,164,UPI,0.9635,normal,legitimate
e31f49c8-6554-777d-d100-14efe212261c,2026-07-30T07:01:52.610420Z,798.9,0.8017,5,0.126,0.0255,350,card,0.5361,borderline,legitimate
d5ba771f-1e78-1630-5029-7fe3b64044b8,2026-08-21T01:49:22.051427Z,746.49,0.1151,2,0.2418,0.0071,403,UPI,0.9138,normal,legitimate
b3465824-21aa-c5e7-28b0-125932195bbd,2026-08-16T08:29:01.692297Z,309.89,0.1388,0,0.07,0.0034,1112,netbanking,0.924,normal,legitimate
511626f3-72db-a86a-ffc0-c8b9c412c794,2026-07-30T03:23:40.761153Z,284.48,0.1017,0,0.0929,0.0089,541,netbanking,0.9268,normal,legitimate
62ccaff6-bb02-f7fa-e0d3-5eda73e44913,2026-07-27T01:34:13.877922Z,339.49,0.0326,0,0.1344,0.0793,593,card,0.8676,normal,legitimate
b065e9e8-06a0-9d28-7798-a97282c92788,2026-08-15T22:37:55.602288Z,63807.44,0.2102,2,0.0288,0.0357,799,UPI,0.8003,legitimate_but_unusual,legitimate
a0333d4f-f4d7-4469-d3de-54d0cce94f9a,2026-07-30T01:38:35.525420Z,3527.88,0.2399,1,0.1032,0.0308,286,UPI,0.8807,normal,legitimate
2decee9d-9a26-9153-7004-2ffbe8f4518f,2026-08-05T18:53:58.044067Z,79.19,0.2007,0,0.1741,0.0626,530,UPI,0.9707,normal,legitimate
c4482d84-7926-12f4-9ca1-c218c735d04f,2026-07-25T05:34:52.668414Z,415.57,0.7224,0,0.197,0.0852,435,card,0.5874,borderline,fraud
25fe32c8-f325-c828-e14a-70b5fce92710,2026-08-11T07:36:49.746046Z,1221.97,0.109,0,0.2249,0.0111,125,netbanking,0.8869,normal,legitimate
0993a0b4-0f74-9896-c612-ddec90a1d5ff,2026-08-04T05:11:09.467272Z,13170.35,0.0205,0,0.1572,0.0257,1033,UPI,0.8789,normal,legitimate
1c183241-60a4-8447-095c-43d7f16029ee,2026-08-12T15:29:54.012986Z,1870.45,0.1787,0,0.0554,0.0434,1196,UPI,0.9318,normal,legitimate
33f262f6-0b45-333f-fdcd-744026ff40b2,2026-07-26T02:15:05.973905Z,2611.81,0.2127,0,0.055,0.035,32,card,0.8817,normal,legitimate
8ee7b050-5ad7-ce2c-0f09-8fb838eb00ae,2026-07-30T06:30:14.509405Z,544.58,0.2249,0,0.8463,0.0224,224,card,0.8075,borderline,fraud
160e0726-04c6-b7bd-3ea2-1e01dc809d45,2026-08-20T01:54:27.883256Z,500.0,0.9212,7,0.8432,0.3152,48,UPI,0.3969,suspicious,fraud
59f0b476-878e-6563-b94a-755a3b9db93a,2026-07-29T23:08:33.255776Z,1221.13,0.184,1,0.0228,0.12,1029,card,0.9254,normal,legitimate
b12fa459-04ad-f540-edb7-fbbbb5d4c319,2026-08-02T11:20:14.900949Z,4346.84,0.7611,3,0.9122,0.275,69,UPI,0.4908,suspicious,fraud
a62bbc0e-8d59-f5fe-deec-ad8c79924d0e,2026-07-29T08:50:03.944507Z,2845.16,0.2052,0,0.2483,0.0542,90,card,0.9583,normal,legitimate
98f3e99f-4889-daf9-c1cb-c661ce79d7aa,2026-08-13T06:50:42.824399Z,1418.06,0.1708,0,0.0878,0.0058,680,wallet,0.9319,normal,legitimate
16bedf51-ef7c-4143-e75d-2770d076b315,2026-08-20T18:01:15.243276Z,661.85,0.8485,1,0.7496,0.1564,184,UPI,0.5219,borderline,fraud
fe1bb796-b632-6d4d-f99e-1560e394cd7d,2026-08-19T23:00:49.522583Z,1669.83,0.2274,0,0.0941,0.0531,699,UPI,0.8841,normal,legitimate
4b8e1e81-3ef3-4618-97e3-94f7529d7ce0,2026-08-14T01:27:31.694193Z,3054.99,0.8141,1,0.1455,0.1724,262,UPI,0.6387,borderline,legitimate
2c5fc393-ce07-3d66-d97b-320b6495fee8,2026-08-18T13:38:16.336635Z,4593.26,0.1258,0,0.0361,0.12,182,UPI,0.8998,normal,legitimate
22e60511-00ca-2bed-2715-babd3f8dbab8,2026-08-01T04:21:22.018091Z,550.63,0.2368,0,0.1678,0.0124,1196,UPI,0.8511,normal,legitimate
cf50e37f-0fba-4a65-2b65-7fb531ebe34b,2026-08-07T06:31:58.929067Z,7850.5,0.8973,4,0.9275,0.1659,15,UPI,0.6636,suspicious,fraud
a16594e6-a32b-ffca-05e7-f56b26b1aea7,2026-08-07T22:32:25.534831Z,2445.24,0.2109,0,0.1807,0.0214,646,UPI,0.8554,normal,legitimate
ef4daa35-ff14-1f48-497a-d2ecdb3cf503,2026-08-01T17:11:18.092463Z,100.0,0.1175,5,0.1348,0.1511,420,UPI,0.703,borderline,fraud
03dab3b1-b981-cbdd-9857-3d832ef72c37,2026-08-16T13:11:37.177337Z,1888.52,0.0182,1,0.0908,0.0039,705,card,0.9644,normal,legitimate
09b70c53-50c2-7ca6-bb79-dd29352fbb6b,2026-08-12T23:59:18.851523Z,3812.68,0.0824,1,0.1987,0.551,695,UPI,0.9198,merchant_anomaly,fraud
5b5fc9f8-3493-15d9-23b0-00cf84fcf193,2026-08-19T14:15:03.083400Z,18834.07,0.8217,7,0.8352,0.4658,14,UPI,0.1544,fraud,fraud
6c47794c-324a-57c8-f45a-d0f092ef5e0e,2026-08-14T11:25:46.059838Z,317.24,0.0123,0,0.0665,0.0145,170,UPI,0.9722,normal,legitimate
24185ec1-bbb6-ac2c-ff09-a5b850f34aa1,2026-08-15T09:03:32.656212Z,851.01,0.7961,3,0.9678,0.2177,72,UPI,0.4153,suspicious,fraud
cb11fb17-baa3-4182-729f-225ed5b1e6a2,2026-07-26T17:14:02.275170Z,1086.1,0.2421,1,0.1629,0.0519,563,netbanking,0.9669,normal,legitimate
3a20faa2-57ec-38db-caa1-1b2467c09fb3,2026-08-09T20:09:15.432179Z,854.75,0.8792,4,0.9723,0.1826,173,UPI,0.535,suspicious,fraud
e8477c7f-e930-8083-7655-cd8ab0f58d96,2026-08-03T04:09:43.269440Z,850.57,0.954,3,0.8025,0.1857,197,wallet,0.541,suspicious,fraud
097e30c3-0492-757e-7ab6-73e049c72fc1,2026-08-01T15:34:28.309279Z,474.51,0.0111,0,0.1647,0.0215,1022,card,0.9688,normal,legitimate
3f7733b6-ba1e-f9f3-593c-2cfbbd29c585,2026-08-23T11:58:16.661316Z,123.54,0.1449,0,0.1433,0.0664,827,UPI,0.8987,normal,legitimate
7136e346-6a07-3a2b-2710-c8fbe519ce81,2026-08-15T20:25:20.261220Z,945.85,0.0598,1,0.2149,0.0277,230,netbanking,0.9317,normal,legitimate
45d51fd0-2d3f-33bf-f1e9-d6b76b692ab7,2026-08-09T23:27:00.540159Z,159.16,0.2421,0,0.0315,0.0544,1072,card,0.8526,normal,legitimate
422007ca-e840-19a6-6ce8-997f91e4c57a,2026-07-31T11:53:59.988208Z,384.63,0.0614,0,0.2164,0.0044,1136,card,0.9307,normal,legitimate
da68e882-dc29-0ed1-0e47-739ec9bd1e77,2026-08-01T20:27:49.844788Z,578.42,0.8694,0,0.1496,0.1894,143,UPI,0.8619,borderline,fraud
76427c37-943a-0d89-d0bf-801895a2ae2d,2026-08-10T14:45:49.208077Z,2994.14,0.1857,1,0.0,0.0241,40,card,0.8887,normal,legitimate
58487764-91e9-d7ae-27a9-0cd147e7b273,2026-08-01T08:57:46.814559Z,195.97,0.2341,0,0.0996,0.0199,843,UPI,0.9208,normal,legitimate
a03b3a27-f767-c8e0-a57d-de7902b939a9,2026-08-12T18:05:33.175778Z,3038.95,0.8683,9,0.9579,0.7382,85,wallet,0.3706,fraud,fraud
70d4165d-3dc7-9c10-f0b5-c6f8b9990041,2026-07-26T02:10:29.881461Z,160.31,0.1869,0,0.0038,0.0728,782,netbanking,0.8543,normal,legitimate
81d2e30e-7dd9-0e7c-0a8f-affeb1c216c1,2026-08-11T23:12:46.805711Z,348.29,0.1014,0,0.0423,0.0552,513,UPI,0.8748,normal,legitimate
ec2f60e5-5c2a-c295-be21-f5b05bed0a7c,2026-08-09T08:25:42.213635Z,600.15,0.9142,6,0.8932,0.3331,12,wallet,0.5581,suspicious,fraud
a31d4ea9-c70d-06ab-2b81-aa9b52c940f4,2026-08-23T08:12:30.913122Z,500.0,0.8523,4,0.7388,0.2092,27,UPI,0.3983,suspicious,legitimate
cb437255-6640-3748-233b-cfda94bc9a16,2026-08-13T00:23:42.401969Z,353.63,0.8677,1,0.8638,0.1017,266,UPI,0.84,borderline,fraud
eac30738-f01c-71c5-c629-cfc2ce9f45e6,2026-08-07T11:32:08.825094Z,45000.0,0.7647,7,0.8446,0.3137,130,card,0.4741,suspicious,fraud
a21b391e-9272-d44b-d744-663d75eb868f,2026-08-06T01:15:42.940751Z,5855.47,0.9913,4,0.9173,0.4203,24,UPI,0.3735,fraud,fraud
79cad784-2d8e-0a6c-3ff6-050c8150975a,2026-08-03T14:12:44.802009Z,116.21,0.1379,1,0.0934,0.12,209,card,0.9007,normal,legitimate
a53de922-bffe-049e-fb32-b903e19afffa,2026-07-30T17:22:10.842676Z,1651.38,0.1567,0,0.202,0.0074,1113,UPI,0.9112,normal,legitimate
9b8f3890-3101-6548-3655-c71183a1746d,2026-08-05T13:09:05.409408Z,598.69,0.928,5,0.1303,0.0435,476,UPI,0.6426,borderline,fraud
2eb1af1b-7b0f-5754-4f92-f0a74b905b68,2026-08-23T10:09:03.745907Z,14534.02,0.9228,4,0.7452,0.2661,33,netbanking,0.593,suspicious,legitimate
dbd0e830-81c7-4da9-770f-1f82b85af31c,2026-08-17T21:09:37.463724Z,1328.26,0.789,1,0.7657,0.1962,294,UPI,0.7943,borderline,legitimate
96eca4ca-8f04-03c8-386a-24ca26040c1d,2026-07-29T06:54:18.532181Z,906.7,0.0416,0,0.1045,0.0116,1069,UPI,0.8568,normal,legitimate
c2ec93e5-5f47-d3df-c28c-55799a82e683,2026-07-31T02:43:13.899713Z,990.69,0.0839,0,0.1474,0.0731,85,UPI,0.899,normal,legitimate
8e3945cc-a51d-d8f2-9aa9-3dbfd4c0e62d,2026-08-04T04:23:55.083371Z,3114.0,0.1231,4,0.0243,0.0726,281,UPI,0.9869,legitimate_but_unusual,legitimate
eab9a8f4-b28d-dd72-befa-9469f707161c,2026-08-17T02:40:10.673949Z,1842.74,0.9383,10,0.911,0.5541,73,UPI,0.1462,fraud,fraud
66fd4d0d-dee8-e99c-9f65-928a2882804c,2026-08-07T05:07:43.336591Z,485.08,0.0435,0,0.1368,0.0326,305,UPI,0.947,normal,legitimate
54bf2765-074a-e225-1b05-1a0a043a41da,2026-08-19T16:46:45.896570Z,808.77,0.2296,0,0.1662,0.0042,769,UPI,0.8946,normal,legitimate
b083bc63-c768-c415-f114-de03ee64cd05,2026-08-12T20:28:31.303936Z,616.15,0.9698,6,0.7127,0.2542,189,card,0.4512,suspicious,fraud
cf7f6e45-bd21-f641-652f-fc788ab7d807,2026-08-16T08:22:13.817765Z,81021.86,0.1441,1,0.1348,0.0181,1382,card,0.8006,legitimate_but_unusual,legitimate
b4a61995-9f98-98eb-5eb9-81bf8f0f5185,2026-08-13T08:47:04.317717Z,3158.49,0.2113,0,0.2013,0.0953,280,UPI,0.874,normal,legitimate
e63a5aba-26dd-66e7-f113-187fa2cbcde8,2026-08-14T13:44:25.764461Z,2093.98,0.2136,0,0.1817,0.0162,1096,netbanking,0.96,normal,legitimate
a76d9990-125c-6396-1148-d2100083464b,2026-08-02T12:02:48.433497Z,959.62,0.0253,0,0.0655,0.0235,642,UPI,0.8922,normal,legitimate
e8409d5d-10a6-7934-3a96-b23959b4c2b9,2026-08-22T19:46:38.024958Z,327.53,0.0497,0,0.1915,0.024,487,wallet,0.9841,normal,legitimate
133624f8-b8ad-4f13-91bd-e9852e188d2a,2026-07-29T19:44:45.505843Z,2017.14,0.1575,0,0.1511,0.0083,606,UPI,0.9302,normal,legitimate
e2ab171c-f0d1-0e44-bb12-478c8a2966a5,2026-08-12T10:28:01.375545Z,872.65,0.0317,0,0.0199,0.0983,269,UPI,0.9236,normal,legitimate
90165ede-5c8e-5617-340d-cfc607225627,2026-08-06T10:55:29.661232Z,180.42,0.1996,1,0.0681,0.013,163,UPI,0.8577,normal,legitimate
374bc7ee-1de3-6ce0-f15c-b6ddfadc348d,2026-07-30T03:43:40.122638Z,662.62,0.036,0,0.1343,0.0196,335,card,0.8556,normal,legitimate
5b7ead6e-dc83-34bb-14d0-90f12e99d6e8,2026-08-06T07:53:33.384714Z,656.07,0.0308,0,0.0917,0.0005,1002,netbanking,0.916,normal,legitimate
333abdfd-03f3-a210-3ad6-4e3b47f6cd66,2026-08-04T23:58:21.903983Z,459.22,0.1958,0,0.0759,0.0082,206,UPI,0.9346,normal,legitimate
a95f3b91-bc21-6b2f-2919-ae41b7d3f1ea,2026-08-10T07:04:09.010409Z,424.97,0.0846,0,0.2139,0.0028,32,netbanking,0.9844,normal,legitimate
8df264ad-76c4-5aa9-5cb4-379e8d6fb875,2026-07-28T22:44:51.027761Z,501.03,0.8363,4,0.8103,0.2158,33,card,0.4673,suspicious,fraud
fd34c476-824f-fa57-c7a7-c2e82b644d48,2026-08-15T14:35:20.063436Z,208.75,0.1985,0,0.0261,0.0073,512,UPI,0.9135,normal,legitimate
445db57b-b798-8afa-190d-9ee87eebe7d8,2026-08-03T08:35:19.942642Z,23783.95,0.8653,5,0.9213,0.4091,48,UPI,0.2091,fraud,fraud
18db543e-23f7-99a7-ca22-52ed32904c61,2026-08-10T01:10:41.659880Z,544.99,0.1684,0,0.1004,0.0419,759,card,0.8759,normal,legitimate
fd949508-c308-5d34-554a-e49141e7ccb6,2026-08-01T15:21:53.138040Z,2631.03,0.2401,2,0.0772,0.0185,860,card,0.9981,normal,legitimate
d686b047-95d2-a020-af47-bcdbf80f2bb5,2026-08-16T23:51:47.383794Z,512.29,0.0757,0,0.2323,0.0061,393,netbanking,0.9318,normal,legitimate
afe1b070-ac3e-9b5f-e372-bf255d15541f,2026-08-14T05:48:53.183166Z,208.83,0.2203,1,0.2184,0.0214,167,UPI,0.9998,normal,legitimate
96573910-8926-868c-ab08-6efd819ba433,2026-08-01T01:45:41.925503Z,765.67,0.1975,0,0.0629,0.0454,1082,UPI,0.997,normal,legitimate
ab77e3c7-6248-ffc5-c102-023836c9841a,2026-07-30T00:13:45.507070Z,464.8,0.0489,4,0.7614,0.0836,77,UPI,0.6895,borderline,legitimate
7355f54a-88a3-bee3-a3a0-f29e70246b7d,2026-08-14T15:41:34.986562Z,2683.51,0.8785,4,0.7897,0.6049,26,UPI,0.2397,fraud,fraud
77197334-e72a-5220-d478-b9e04e78dda8,2026-08-15T12:40:38.834800Z,805.78,0.2267,0,0.1814,0.0104,255,card,0.9381,normal,legitimate
3e1c07ba-48bc-268f-fa2a-044e7b36d4a0,2026-08-17T02:17:29.546787Z,828.96,0.1363,0,0.1522,0.0103,190,UPI,0.9858,normal,legitimate
2634143f-225f-7013-82b0-b0d1f16de813,2026-08-03T21:38:58.323558Z,366.69,0.0512,1,0.0024,0.031,292,UPI,0.9863,normal,legitimate
252a5995-85ac-333a-c732-9e6616d8706c,2026-08-01T17:50:20.385053Z,504.41,0.1247,0,0.1792,0.0378,1055,UPI,0.9619,normal,legitimate
ec1c6919-0bef-a1b8-4e80-51da2d06b7a7,2026-08-22T08:08:00.232406Z,682.83,0.9485,4,0.8964,0.2089,127,UPI,0.5254,suspicious,fraud
eca02ba2-1885-0d67-66ed-0442c85cd037,2026-08-03T08:12:33.282794Z,221.46,0.0596,0,0.0032,0.019,601,card,0.9208,normal,legitimate
8ca95fe4-70ca-1522-68d0-90f4bf78261a,2026-08-12T13:19:31.096759Z,402.23,0.2376,0,0.1527,0.0892,397,card,0.8767,normal,legitimate
f927055f-fabf-bb5e-38ff-df9975040507,2026-08-18T17:31:33.251444Z,400.01,0.0792,0,0.0992,0.0248,568,UPI,0.8547,normal,legitimate
7a5d4aaa-4d00-3ea2-999d-e7853dea69e8,2026-08-01T08:16:20.576467Z,475.65,0.2269,0,0.198,0.105,340,UPI,0.8507,normal,legitimate
48b302b2-eb67-e5a3-372c-380882394d0a,2026-08-06T00:40:05.987375Z,639.19,0.0511,6,0.362,0.0623,470,UPI,0.8112,legitimate_but_unusual,legitimate
40f5fb19-61dc-2bca-a82c-9300bf37bee3,2026-07-30T06:41:02.974351Z,1861.16,0.0217,5,0.2147,0.072,1029,UPI,0.8503,legitimate_but_unusual,legitimate
3b8b7863-5c7a-6a8c-d895-dd72a045b398,2026-08-09T17:22:34.852303Z,268.21,0.1044,0,0.1835,0.0214,495,card,0.9294,normal,legitimate
f420d97a-ebf2-d27a-b832-a4a00f81ac94,2026-08-04T17:12:04.736411Z,184.36,0.0712,0,0.245,0.0956,906,UPI,0.9082,normal,legitimate
c3c2c511-0cc7-4171-301a-e1843bfbf4d4,2026-08-10T21:53:41.507261Z,411.31,0.0509,2,0.1498,0.0098,68,netbanking,0.9543,normal,legitimate
9fc56342-6cec-81b5-32de-d231f9125b2d,2026-08-19T11:06:04.101219Z,368.74,0.2414,1,0.1854,0.0301,538,UPI,0.8552,normal,legitimate
fe1bf0ac-9389-a617-a1ff-8a51dbae5db1,2026-08-05T09:00:45.730421Z,461.98,0.2033,0,0.1426,0.7822,994,UPI,0.9445,merchant_anomaly,fraud
de03ca25-10e9-77fb-f5de-4357b41567f2,2026-08-10T11:43:43.322029Z,3090.31,0.1383,6,0.2631,0.0112,1226,UPI,0.9086,legitimate_but_unusual,legitimate
1b83215f-7d2c-3124-5bc7-241a27ad25b9,2026-08-14T04:33:31.411391Z,755.01,0.2096,1,0.8847,0.1701,243,UPI,0.613,borderline,fraud
c037de6d-3a58-aa7c-0983-fca4060a9864,2026-08-22T04:17:29.291193Z,12772.5,0.8501,4,0.7519,0.0344,37,UPI,0.7432,suspicious,fraud
a4addb16-90a9-b31d-b97e-e0afd6a1d30a,2026-08-21T13:42:21.243781Z,508.24,0.0538,0,0.0566,0.0257,811,card,0.9909,normal,legitimate
7814bea0-d5a8-12b0-ee28-ee1437f4fb82,2026-07-31T04:45:47.050825Z,271.34,0.1117,1,0.186,0.104,1103,card,0.9154,normal,legitimate
4240b31c-da6b-4f2e-2d56-b1b5d23b3775,2026-08-09T15:22:20.361283Z,1228.85,0.1435,5,0.9081,0.0304,345,UPI,0.5474,borderline,legitimate
4f7c31b1-8fe1-0db1-fb5a-f20f60a2389e,2026-08-12T02:05:03.111554Z,231.19,0.2372,0,0.1718,0.0029,178,UPI,0.9007,normal,legitimate
e82e88e6-a232-5d6d-7db8-388dacdbe393,2026-07-25T01:13:23.019738Z,2218.46,0.8295,3,0.0936,0.1025,453,card,0.5044,borderline,legitimate
b74da9df-eb46-8d45-eee4-ecfb7829f665,2026-08-04T17:27:23.144722Z,179.36,0.094,0,0.0984,0.0249,954,UPI,0.9132,normal,legitimate
3d35e656-6ef0-bc9c-fa60-98d07e89017c,2026-08-07T07:42:31.953573Z,330.36,0.1001,1,0.1439,0.004,496,card,0.8554,normal,legitimate
5c8d0eb0-d516-d207-aa52-03b9428f3edf,2026-08-20T06:44:15.471533Z,1475.98,0.1585,1,0.2043,0.0277,282,wallet,0.9745,normal,legitimate
706d2449-985d-3815-3783-5cdea0434387,2026-07-29T16:18:51.567683Z,5836.78,0.108,0,0.1023,0.0201,1150,netbanking,0.9888,normal,legitimate
dbe4c1f0-9d48-4e78-dca9-34f42d449147,2026-07-27T00:25:38.670766Z,816.8,0.0262,1,0.1131,0.0322,498,UPI,0.9864,normal,legitimate
c8d12db1-627d-f707-8370-5640ec71eaf8,2026-08-14T04:07:35.288703Z,1045.98,0.2367,1,0.8118,0.0836,80,UPI,0.888,borderline,legitimate
a87bfa5a-6f08-1160-0c94-a6c888f5e789,2026-08-13T18:37:34.803322Z,546.19,0.1105,0,0.2141,0.0177,1145,UPI,0.9727,normal,legitimate
18a3d3a6-1743-05b7-0bbe-575e11671090,2026-08-06T10:29:22.886776Z,2222.81,0.0916,0,0.2032,0.0608,1199,card,0.9118,normal,legitimate
012e07e7-5c86-ad87-a576-021182813ad4,2026-08-18T10:33:36.109773Z,2288.22,0.2473,0,0.0127,0.0056,208,card,0.9859,normal,legitimate
5dd9a2df-6ab0-2f28-3e4b-beeb2fd09560,2026-07-31T05:00:50.413440Z,45.72,0.1945,0,0.1258,0.0012,207,UPI,0.8911,normal,legitimate
f64a32cf-19c2-766b-6297-63cf31c79641,2026-07-27T07:48:06.732572Z,547.05,0.1707,0,0.081,0.0357,276,UPI,0.8876,normal,legitimate
3d682eb2-90dc-0fff-d7b8-65270260bee5,2026-08-05T06:22:17.601833Z,120.8,0.0468,0,0.0848,0.0274,933,netbanking,0.9507,normal,legitimate
03af8352-46d8-1903-aa73-03ec53451455,2026-08-10T19:52:39.429610Z,411.12,0.8311,3,0.0533,0.1145,104,netbanking,0.8894,borderline,fraud
cdbe06d5-4ce2-b2c1-dc67-e9810b663942,2026-08-05T17:15:34.983407Z,202.76,0.2425,0,0.1384,0.0187,414,UPI,0.9575,normal,legitimate
389a5377-e7c7-486e-20d8-d7e19b919aed,2026-08-04T09:06:43.807969Z,1205.0,0.8982,3,0.026,0.0448,323,card,0.5002,borderline,legitimate
6081f741-86e3-27d7-4b75-6e7630ef972c,2026-08-07T15:45:25.891035Z,53.2,0.0875,1,0.2216,0.0221,979,UPI,0.9452,normal,legitimate
2930ca1d-a5ea-2b8a-5162-44d1ac55c1a0,2026-08-11T11:46:32.509897Z,60.75,0.1937,0,0.1836,0.0599,999,UPI,0.9594,normal,legitimate
7f574ea6-87f5-81be-86b4-66d9c2848fb8,2026-07-26T16:45:15.123107Z,4047.51,0.2267,0,0.072,0.0224,91,card,0.95,normal,legitimate
5a33eba2-ade0-8900-5635-170d9dceb2b7,2026-08-18T06:45:24.167267Z,817.95,0.1982,0,0.0948,0.0809,735,UPI,0.8568,normal,legitimate
d57398a2-302f-0739-c82e-01cf42aa19f8,2026-08-23T08:32:41.106786Z,1857.88,0.0768,5,0.3943,0.0065,1197,UPI,0.9963,legitimate_but_unusual,legitimate
a458bbb1-f27a-078b-59f0-cf7db226de90,2026-08-04T23:40:34.748671Z,1864.38,0.9717,3,0.7629,0.1262,130,UPI,0.4328,suspicious,fraud
2228ca03-a349-fec6-78f1-bc448ebdb857,2026-08-17T20:16:12.807375Z,4242.21,0.7385,4,0.2304,0.0994,528,netbanking,0.7861,borderline,legitimate
92e87176-9992-4d83-2ffd-21fb6beafa17,2026-08-19T21:41:32.374520Z,877.05,0.0303,0,0.0804,0.0054,907,UPI,0.8637,normal,legitimate
6c485917-b45e-51ee-2954-927eb95468f9,2026-07-29T07:14:12.155602Z,718.89,0.2465,0,0.2278,0.0271,347,UPI,0.9384,normal,legitimate
19d90f4a-359d-6d24-f20a-e6b9328c7d00,2026-07-26T12:58:23.257223Z,1584.15,0.7515,7,0.8315,0.6748,83,card,0.1443,fraud,fraud
707b69cb-afc9-0849-9d26-e0080be9de6d,2026-08-17T11:04:01.195476Z,355.84,0.1931,0,0.0806,0.0214,272,UPI,0.9523,normal,legitimate
a92fde46-f272-fcfd-7245-a497b9b0aa48,2026-08-08T00:14:27.259995Z,224.01,0.0487,0,0.0511,0.0009,1062,card,0.8865,normal,legitimate
1fec90a5-2a0c-4f81-75b0-618a788b2b66,2026-08-22T03:09:28.674029Z,94274.66,0.7611,1,0.3626,0.0259,1224,UPI,0.9966,legitimate_but_unusual,legitimate
161cf128-a0c5-ed32-cf57-c35bdbdaa965,2026-08-17T17:31:03.210794Z,8752.25,0.8079,5,0.8556,0.2788,86,UPI,0.0668,fraud,fraud
a8336055-229f-401d-3e62-ee65f3f81c6a,2026-08-02T03:42:34.015377Z,198.09,0.2045,0,0.1005,0.0021,1173,UPI,0.9459,normal,legitimate
2856c76e-6205-d979-2ecd-2b75ef05691c,2026-08-21T18:07:45.498735Z,302.61,0.1539,0,0.0346,0.0172,180,UPI,0.9834,normal,legitimate
12da96d2-638e-e6d9-3b1c-7a6ca67ce2ab,2026-08-10T12:51:41.129878Z,1238.85,0.007,1,0.0285,0.0037,1171,card,0.9951,normal,legitimate
1088eb87-0bef-f3e7-b58c-5a9873d34444,2026-08-22T07:29:41.227139Z,850.02,0.1908,1,0.172,0.0423,741,UPI,0.9484,normal,legitimate
895aa2c2-d65d-54ae-399f-192377d78f30,2026-08-12T07:16:44.074491Z,391.17,0.1785,0,0.1799,0.0084,818,wallet,0.8822,normal,legitimate
4f50dfa0-0d5c-1e6e-35fc-f9c2be510ddf,2026-08-06T06:29:33.989765Z,3460.99,0.0204,1,0.9499,0.1592,483,UPI,0.7018,borderline,fraud
7a94c785-6521-73de-0f56-b04c411487ae,2026-08-20T17:03:18.611328Z,369.55,0.1922,0,0.1268,0.012,754,card,0.9913,normal,legitimate
f1f82b96-44f2-2927-aefa-022b3066383c,2026-08-10T13:39:00.351655Z,157.7,0.1571,0,0.1802,0.0262,315,UPI,0.9017,normal,legitimate
31ab0e6d-5145-2fe0-1223-f1fc2b42d5da,2026-08-11T10:00:50.813783Z,11596.77,0.7798,8,0.9528,0.7985,40,wallet,0.1727,fraud,fraud
93ac8a27-1217-fb56-9cbe-8306c9cc6984,2026-08-18T18:52:40.139314Z,368.33,0.0245,0,0.0605,0.0907,1142,UPI,0.936,normal,legitimate
029d3f55-5521-b930-457f-63ab8114660d,2026-08-10T23:06:23.097588Z,2254.46,0.0786,1,0.1717,0.0596,279,card,0.8882,normal,legitimate
b4ca93fc-f188-da7a-d704-12f7fa949baf,2026-08-08T18:17:22.896849Z,384.76,0.1677,0,0.135,0.0127,241,UPI,0.904,normal,legitimate
75490a10-3e86-abbe-b770-58bf1f103c0c,2026-08-15T12:35:25.618142Z,623.25,0.1181,0,0.2171,0.4895,348,UPI,0.8775,merchant_anomaly,fraud
8df77f3e-6e1d-7e0b-2b07-6ed06b1235b1,2026-08-08T12:54:46.668473Z,517.45,0.9259,1,0.1906,0.0182,420,card,0.8942,borderline,fraud
c2458ad2-c248-3b73-9b34-89dbabcc4a94,2026-08-18T16:54:15.470764Z,2294.49,0.2065,1,0.1276,0.0113,471,UPI,0.9266,normal,legitimate
ebf32e45-1466-2b3c-2b21-67f78a00a8d4,2026-08-19T12:23:30.975883Z,1127.52,0.2028,0,0.0826,0.0262,583,UPI,0.8927,normal,legitimate
4eb8177d-9fef-9bd1-b26b-39c5ca69a440,2026-08-06T03:12:01.375753Z,273.98,0.23,0,0.1812,0.0548,963,netbanking,0.8663,normal,legitimate
32b03cf4-acd2-5446-cc42-2e9b03df0c35,2026-07-30T11:25:18.607540Z,924.35,0.0527,0,0.2368,0.0052,266,netbanking,0.8794,normal,legitimate
3c8e2780-7954-f6f2-1499-fbad2df659f6,2026-08-23T05:39:47.216353Z,797.83,0.2106,0,0.1356,0.0818,216,UPI,0.9561,normal,legitimate
00ccfcbe-8299-58ae-cca7-57955b39cd3c,2026-07-29T15:06:23.875747Z,2931.05,0.1186,0,0.0554,0.0756,259,UPI,0.8615,normal,legitimate
29de8106-7b5b-7870-ccc5-9e1bb2dea333,2026-07-25T13:30:52.285553Z,643.1,0.1452,0,0.1964,0.0031,893,wallet,0.964,normal,legitimate
d0cada6c-716f-1a7c-728c-c005d06c3083,2026-08-03T07:38:54.586055Z,393.01,0.123,1,0.2153,0.1012,930,UPI,0.9241,normal,legitimate
a9a503c1-1255-06b3-c85e-0ece1be9e6d6,2026-08-17T01:00:40.260793Z,1608.24,0.2045,0,0.1159,0.0323,858,UPI,0.9306,normal,legitimate
d219eb26-1e19-ef62-f29b-b40f04367f90,2026-08-11T22:15:13.680297Z,527.14,0.0478,0,0.0818,0.0244,417,card,0.8953,normal,legitimate
a75502c6-cb51-4599-b7ef-8021a37e8b65,2026-08-08T07:35:20.130561Z,1918.49,0.0799,0,0.1755,0.0152,719,UPI,0.851,normal,legitimate
c379e0ca-5b5c-493c-b686-39c08029622b,2026-08-23T00:43:02.104681Z,4007.26,0.7401,5,0.8797,0.0674,175,netbanking,0.3551,suspicious,legitimate
084cf791-2a7f-0627-039f-5198a9123969,2026-07-30T03:00:40.226462Z,1899.51,0.015,5,0.3681,0.0592,299,UPI,0.8325,legitimate_but_unusual,legitimate
9fbd66f0-5f36-beee-e20e-7dcc7a77ed11,2026-08-04T15:52:55.756399Z,414.13,0.1274,0,0.1484,0.049,1070,netbanking,0.9313,normal,legitimate
447f95a2-637c-fde2-210b-990bb3ecc942,2026-07-28T04:19:17.714281Z,171.57,0.1798,0,0.0671,0.0586,128,UPI,0.9732,normal,legitimate
f1274cf8-54a5-3730-80e0-0918f6a317bb,2026-08-09T00:08:55.387093Z,274.68,0.1545,0,0.2223,0.0042,581,wallet,0.9273,normal,legitimate
a1e1ccbc-5ad9-1feb-108e-c4737f1a4a96,2026-08-02T04:58:20.635414Z,250.55,0.1137,0,0.1637,0.0356,1125,UPI,0.935,normal,legitimate
756b1787-d46c-b5ec-caf0-32fefb2a4beb,2026-07-29T18:13:01.889045Z,345.92,0.1027,1,0.1143,0.054,435,card,0.8553,normal,legitimate
a4e25369-f62d-1801-b758-fdebec331085,2026-08-07T05:51:53.165241Z,2007.34,0.8331,6,0.8069,0.0497,140,UPI,0.4051,suspicious,fraud
ebbf13a5-abe3-5c0d-944c-27651b42a4ae,2026-08-21T23:54:19.009145Z,1336.69,0.1188,0,0.1512,0.007,791,UPI,0.921,normal,legitimate
0cd179a2-a1dc-b052-0305-7c2a9b8340ff,2026-08-16T02:40:35.957358Z,1093.0,0.1866,0,0.1218,0.0161,961,UPI,0.9222,normal,legitimate
014ccc4f-fd03-d76c-852d-238535aa3b35,2026-07-25T00:21:16.708219Z,989.48,0.19,1,0.0029,0.0257,341,card,0.9975,normal,legitimate
c2ba217a-34ba-1e0c-92b0-3feff245ad1a,2026-07-26T12:28:27.910622Z,2433.55,0.9004,6,0.9555,0.5216,14,UPI,0.1935,fraud,fraud
736a69d1-ccf3-415a-e8d6-58dc0225064e,2026-07-25T19:03:09.343220Z,1061.1,0.1447,1,0.2009,0.0912,873,UPI,0.9561,normal,legitimate
4955fb7d-10cb-d7c4-fb4d-1c4253d7f410,2026-07-30T21:46:15.719218Z,653.28,0.1128,1,0.047,0.0696,912,UPI,0.9136,normal,legitimate
99bf49d8-c93b-7eae-5926-f505fd2b3357,2026-07-28T19:02:01.151158Z,2010.69,0.2498,0,0.1283,0.0046,455,UPI,0.9689,normal,legitimate
784c6309-6a8c-049b-a4d7-84bcaeca525b,2026-08-08T14:04:52.253383Z,423.05,0.1107,1,0.198,0.0015,745,UPI,0.9955,normal,legitimate
4d4ec300-9dba-fb61-2f3e-d34037f5d602,2026-08-10T10:20:04.309335Z,1206.34,0.8613,5,0.9571,0.2774,21,wallet,0.1563,fraud,fraud
c10056f3-d787-8545-a144-c4995ac90f79,2026-08-17T17:54:34.671575Z,398.43,0.001,2,0.1936,0.0151,273,UPI,0.9842,normal,legitimate
40213041-3e05-8a23-64f6-76ae48a9b100,2026-08-01T02:20:12.793670Z,608.28,0.0112,0,0.2395,0.0454,1174,UPI,0.9616,normal,legitimate
b2340f24-b5c4-8b3f-97b2-272d18b0df93,2026-08-02T05:19:14.328216Z,636.95,0.0331,0,0.1465,0.044,1159,card,0.9636,normal,legitimate
651c2949-4ae6-be85-a06d-0634bddf0d90,2026-08-19T23:07:03.919039Z,233.41,0.0484,0,0.1681,0.0264,71,UPI,0.8881,normal,legitimate
8642c5c6-9672-3b2e-eb38-faa7dfa6c90d,2026-08-13T11:57:13.038818Z,160.43,0.1387,1,0.1739,0.0158,389,UPI,0.9854,normal,legitimate
d1933c5f-f013-0140-e6ff-c2c65f889e94,2026-07-29T00:02:18.260727Z,717.48,0.0339,0,0.1324,0.0938,758,UPI,0.9596,normal,legitimate
392331df-f80a-2977-f2bf-7c071ed40ae1,2026-08-05T15:56:48.044818Z,324.95,0.0797,0,0.0832,0.0446,684,UPI,0.9142,normal,legitimate
8370c83c-3647-2aad-c645-2a835ba9b621,2026-08-17T17:10:41.242684Z,150.34,0.0402,0,0.1046,0.0348,1132,wallet,0.964,normal,legitimate
8eeb5e7c-f226-618c-6e99-c2a339e3d6b2,2026-08-09T12:49:49.719138Z,1629.26,0.7555,5,0.96,0.4936,28,UPI,0.3645,fraud,fraud
2182535d-e589-8270-d987-0dcb686da725,2026-08-16T22:17:21.229567Z,3660.08,0.1727,6,0.2384,0.0948,1364,UPI,0.9803,legitimate_but_unusual,legitimate
3ed3bd27-83fe-5c1a-80d7-922e07cd9855,2026-08-02T14:45:11.433747Z,2119.98,0.0584,0,0.1279,0.0199,869,netbanking,0.8805,normal,legitimate
972f5ca4-7372-d6d9-4a32-8a1570c685ef,2026-07-26T14:36:06.601004Z,341.37,0.0737,0,0.1061,0.0361,1130,UPI,0.9259,normal,legitimate
39324d0a-5fe0-5bf6-14f6-14ec0305cc03,2026-08-06T19:03:43.309615Z,3339.99,0.8425,5,0.2306,0.1207,530,UPI,0.6309,borderline,legitimate
2e034676-59c1-b549-2d29-81f26a616d9d,2026-08-01T19:01:15.963095Z,1376.36,0.0181,0,0.1093,0.0009,329,UPI,0.888,normal,legitimate
fb8433bc-ece5-288e-2025-1c8d30d49207,2026-08-17T10:06:04.685525Z,2661.88,0.0768,5,0.0346,0.0381,906,UPI,0.8487,legitimate_but_unusual,legitimate
a4ecb715-a5d5-b43b-5269-94fc876ed094,2026-07-29T10:24:12.362726Z,602.08,0.2107,1,0.249,0.0394,874,UPI,0.8846,normal,legitimate
8e80ce09-f32c-3b4d-df52-6a0cd56abbaa,2026-08-11T02:21:46.179222Z,2967.72,0.8851,0,0.2301,0.1645,148,card,0.7656,borderline,legitimate
9b4189dd-ca57-e085-8b67-8ad2bf29a059,2026-08-12T07:51:21.398013Z,500.0,0.8176,7,0.9419,0.2389,97,card,0.5671,suspicious,fraud
622ba6b8-12ce-7092-de1a-f06e1803986b,2026-08-01T19:18:51.918849Z,43254.19,0.7776,6,0.9386,0.487,21,UPI,0.3944,fraud,fraud
2b7dfdc4-84f6-7f34-4519-e22f9975cef7,2026-07-31T21:14:44.202902Z,467.92,0.2414,0,0.1291,0.0179,110,UPI,0.8766,normal,legitimate
6ffc97d9-38b4-5137-410c-45ab49dbf918,2026-08-15T09:28:51.126107Z,2907.47,0.1732,0,0.2111,0.0743,639,netbanking,0.8718,normal,legitimate
809829b0-81fc-12cf-3bc2-06702f0e9013,2026-08-12T14:44:30.681556Z,35.98,0.1061,0,0.101,0.0012,1149,UPI,0.9754,normal,legitimate
67a87385-5b2e-ab21-b90a-dcf9cbd76cdb,2026-08-22T10:16:28.105296Z,505.56,0.1882,1,0.0863,0.0193,1048,UPI,0.8942,normal,legitimate
7947b2fe-f076-6886-3c66-842c7aa79e42,2026-08-05T05:52:58.693696Z,152.83,0.0126,0,0.0013,0.0178,128,card,0.8968,normal,legitimate
c6926b65-8e88-3d90-9423-0ab2922f6361,2026-08-09T15:52:23.724385Z,409.42,0.2061,0,0.1279,0.003,943,UPI,0.9223,normal,legitimate
85af1869-232b-79a8-6225-421ee61a3a5d,2026-08-21T10:40:53.121195Z,762.06,0.9156,3,0.9119,0.0846,67,UPI,0.6518,suspicious,fraud
303b6362-78df-4164-575d-fdadc323db1f,2026-08-04T19:40:29.046840Z,687.5,0.1594,0,0.0973,0.0015,74,UPI,0.9777,normal,legitimate
3f15da43-89b8-9e6c-25a6-5c056e6e2615,2026-08-13T05:43:30.268047Z,385.36,0.1929,0,0.0631,0.0191,1025,UPI,0.8539,normal,legitimate
62e790f3-fb64-8c7f-2f7a-acfeb7ca1b68,2026-08-23T11:14:00.689709Z,793.63,0.2321,1,0.1285,0.0037,1094,UPI,0.9492,normal,legitimate
e1c078cb-14bd-9e59-1dd3-ac80607e25a5,2026-07-26T21:17:53.501231Z,109.28,0.0754,1,0.0631,0.0919,149,UPI,0.8557,normal,legitimate
b394a065-bda6-9a47-96dd-7b72994640f1,2026-08-11T10:17:24.407669Z,720.26,0.1477,0,0.1842,0.0288,784,UPI,0.9546,normal,legitimate
3be3d8bc-8808-ef28-e8fc-6e6972287467,2026-08-17T08:48:31.172632Z,2067.77,0.1068,4,0.3811,0.0491,300,card,0.8664,legitimate_but_unusual,legitimate
d6ea7ffe-abd4-e360-014b-6ea965eae95c,2026-08-10T23:39:50.259463Z,378.81,0.128,0,0.198,0.0107,396,UPI,0.8735,normal,legitimate
637af7c9-513f-3ee8-8ebb-51e4326367f1,2026-08-21T12:43:10.337890Z,173.31,0.104,0,0.047,0.0179,569,UPI,0.878,normal,legitimate
2bd6bb10-48a3-0828-2c77-d17ce31464da,2026-08-14T18:46:24.622726Z,1657.36,0.1308,0,0.0418,0.0805,452,wallet,0.9023,normal,legitimate
485c100a-195b-a017-f828-a6cc2e582c7b,2026-07-31T04:43:16.043004Z,305.72,0.1557,1,0.1261,0.0238,116,UPI,0.9816,normal,legitimate
1d960ffa-fe17-67cd-4d2f-581cfa55a47a,2026-08-16T22:57:13.903938Z,139.23,0.1428,1,0.1292,0.0325,990,card,0.9789,normal,legitimate
fb8b912a-3597-68f5-6ac5-efbcc0ee322f,2026-08-03T14:30:57.511014Z,1069.49,0.0891,0,0.0536,0.0413,317,card,0.9997,normal,legitimate
8288fc46-dcc2-38b9-18b5-4ce114f70455,2026-07-29T08:19:08.134057Z,645.44,0.7918,4,0.8086,0.3336,101,card,0.6587,suspicious,fraud
db31d055-1de7-8286-d9a3-7b2cef0f8d3e,2026-08-16T07:15:48.056892Z,418.25,0.2147,0,0.2038,0.0496,122,UPI,0.9222,normal,legitimate
b94a1ed3-42f5-4192-3706-0a59272c80a9,2026-08-05T12:19:58.002210Z,3300.78,0.0132,0,0.0291,0.0301,492,UPI,0.9993,normal,legitimate
0e9546dd-eb59-b678-cf48-24791a4e118b,2026-08-06T10:39:55.638397Z,238.43,0.0933,2,0.0097,0.0589,441,netbanking,0.8645,normal,legitimate
00e94e4c-b1a9-7a0b-d050-208ec8b4beb6,2026-08-07T16:37:20.450378Z,69845.72,0.6292,1,0.0216,0.0694,293,UPI,0.9769,legitimate_but_unusual,legitimate
072944ad-194b-a1fe-7090-16d4e7edfd16,2026-08-20T10:38:57.063085Z,107.94,0.0758,0,0.1862,0.0129,445,UPI,0.9794,normal,legitimate
431311ac-b6cd-b214-ca80-f9c2b7aca15e,2026-07-26T03:59:27.548372Z,299.41,0.1781,0,0.1634,0.025,1174,UPI,0.8649,normal,legitimate
2e784af0-4b4d-42ce-0958-6e1b8f285512,2026-08-12T07:01:15.579246Z,76854.99,0.1079,2,0.0414,0.0559,1035,wallet,0.9985,legitimate_but_unusual,legitimate
fb52eb47-bb98-669b-7b21-ee8aece1a746,2026-07-25T03:47:31.018549Z,65.11,0.0466,0,0.016,0.0017,988,UPI,0.9316,normal,legitimate
eb194ba1-b521-0b18-dee1-dad70ec320a8,2026-08-21T00:34:38.876844Z,5457.19,0.7702,4,0.7567,0.1155,86,card,0.4255,suspicious,legitimate
bf938c33-1fa8-fb56-86f9-3442144944df,2026-08-15T11:07:41.706276Z,112.76,0.1312,0,0.0727,0.0136,792,UPI,0.9851,normal,legitimate
401f4054-4afd-cfca-811f-2e68c4f3ae15,2026-07-24T21:43:13.505102Z,354.69,0.7683,4,0.229,0.1995,406,UPI,0.7946,borderline,fraud
b1b22b56-f7e7-4a74-0900-69220441718c,2026-08-01T01:17:10.643995Z,216.84,0.0399,0,0.0491,0.0069,146,UPI,0.8997,normal,legitimate
be25ea8d-4442-886f-15bb-999c5cdbe3ba,2026-07-27T23:34:42.684254Z,3031.44,0.0437,0,0.2205,0.025,416,UPI,0.9821,normal,legitimate
b0b8a263-6336-b10d-8b41-c602bcf962f5,2026-07-29T05:14:03.792781Z,108.5,0.204,0,0.0387,0.0161,425,UPI,0.9243,normal,legitimate
821970db-6c2b-f45c-0201-f9e71a01aee5,2026-08-15T20:09:55.279477Z,242.25,0.0446,0,0.0472,0.0081,487,UPI,0.9366,normal,legitimate
616a213f-e154-719a-9b79-ec7bcccc3079,2026-08-22T16:53:13.605702Z,513.46,0.0745,0,0.2211,0.0344,478,netbanking,0.9555,normal,legitimate
55a0daed-faac-9729-0835-8cb60a827cc9,2026-07-30T02:18:22.501518Z,278.33,0.0536,1,0.133,0.625,460,UPI,0.8271,merchant_anomaly,legitimate
e484a6cc-6b50-9900-aba0-d7b1b225bbf7,2026-08-03T22:27:37.068370Z,606.58,0.1855,0,0.035,0.0084,67,netbanking,0.9162,normal,legitimate
d38f774d-15f8-1beb-b17e-79f72fa205ca,2026-08-01T20:52:37.492780Z,9248.12,0.1074,4,0.0842,0.0211,201,UPI,0.8274,borderline,fraud
ea3f3605-fe83-05d6-c161-2f8ef70180e5,2026-07-30T01:17:57.163988Z,634.85,0.1858,0,0.0226,0.6313,467,card,0.9663,merchant_anomaly,legitimate
23891c80-ab02-a6c1-6b63-39b21e04b5ae,2026-07-25T21:21:51.851053Z,592.19,0.0236,0,0.1902,0.4588,926,UPI,0.8343,merchant_anomaly,legitimate
50cb6bf3-7dad-96f6-ebba-ab26b76d0308,2026-08-06T06:48:04.693645Z,188.59,0.1241,0,0.0717,0.0361,797,UPI,0.9314,normal,legitimate
71689866-dd2c-3c7f-a596-448fb263eec3,2026-08-02T13:57:29.844862Z,597.53,0.1972,0,0.1801,0.0047,993,card,0.8611,normal,legitimate
54ad4f89-eb5d-1363-5394-477ba00b12fd,2026-08-10T08:28:55.957634Z,1980.89,0.7226,4,0.8147,0.1202,154,netbanking,0.5686,suspicious,legitimate
a998a012-88f5-8a65-b16b-65d21a5b53e4,2026-07-29T10:10:52.380336Z,1554.66,0.2322,1,0.0037,0.0334,814,UPI,0.8737,normal,legitimate
3472a722-e30e-020c-a076-7ad4ea8cef66,2026-08-16T06:29:18.378146Z,3386.64,0.2393,6,0.1603,0.0927,912,UPI,0.8055,legitimate_but_unusual,legitimate
dad3bf5a-39dc-131b-ccaf-1dd0065d9a6f,2026-08-05T02:07:51.124971Z,3787.62,0.985,4,0.9789,0.289,61,netbanking,0.4283,suspicious,legitimate
74c0dc44-8189-1b97-57d5-2ccc4742e96e,2026-08-06T14:22:03.448041Z,197.03,0.1446,0,0.0871,0.029,253,card,0.8781,normal,legitimate
331784a1-68b9-f13a-cab9-9a72f788680b,2026-08-23T02:10:06.199283Z,111.0,0.1342,0,0.0982,0.0405,433,UPI,0.9953,normal,legitimate
cb36a7bf-30be-0667-4e5e-4d51b8b54d1a,2026-08-21T09:03:14.164302Z,847.68,0.0499,0,0.0538,0.0167,279,UPI,0.918,normal,legitimate
1dbf7ee4-bda7-1ee2-4a55-128a7f460853,2026-07-25T18:21:43.632932Z,556.23,0.1571,1,0.0825,0.0166,202,UPI,0.8625,normal,legitimate
5c10e5aa-9fc2-1df9-b127-1d2c3c70189a,2026-07-31T02:52:54.455992Z,1505.65,0.2381,0,0.1178,0.0094,277,UPI,0.9833,normal,legitimate
ca144c50-1f84-8b97-6479-3f74cedd33db,2026-08-15T05:40:28.558808Z,1618.99,0.8579,0,0.0741,0.1029,441,UPI,0.6019,borderline,fraud
70680c9c-0170-03fa-8192-af80dbb83969,2026-07-26T02:26:53.448122Z,86.77,0.0785,0,0.0428,0.0298,813,UPI,0.8566,normal,legitimate
0f0d72f4-bc34-4684-e6cf-e6bcbf7238a8,2026-07-27T22:20:49.055889Z,520.94,0.2352,0,0.164,0.0055,937,card,0.9049,normal,legitimate
9d213868-de87-4506-6505-e6104a045f4e,2026-08-20T14:41:30.641630Z,1969.31,0.214,0,0.0995,0.0009,864,UPI,0.9846,normal,legitimate
374788c0-ae0c-7861-02e6-3a5c8174e41e,2026-07-28T15:16:05.090695Z,4968.49,0.8256,3,0.1514,0.0804,76,UPI,0.5153,borderline,legitimate
20e89223-2903-393e-8ece-9273c3fd7e98,2026-07-30T06:14:57.925981Z,2471.31,0.7447,5,0.8781,0.0753,33,card,0.5691,suspicious,fraud
8f55f2e3-c52d-8622-ba92-cf008eec1fb5,2026-07-30T19:59:58.766610Z,4195.37,0.0914,0,0.8899,0.135,99,UPI,0.7676,borderline,legitimate
3b82f3a1-4e89-f32d-dd64-99ee2468f2c0,2026-08-05T22:03:25.713454Z,1506.63,0.1607,1,0.0509,0.12,211,wallet,0.9918,normal,legitimate
ed4afd82-6ad9-e6bf-ee96-3888fb05cd07,2026-07-31T08:54:58.138568Z,212.5,0.2461,0,0.1314,0.0094,315,UPI,0.9922,normal,legitimate
64ba9d1e-ae1f-c2f8-cd35-97b6826a52d9,2026-07-25T11:56:01.874913Z,254.42,0.0686,0,0.1723,0.0499,878,netbanking,0.8981,normal,legitimate
c587ce4c-e2ea-437b-1062-71a02c0afb4d,2026-08-16T07:26:07.933717Z,1070.61,0.7531,1,0.8048,0.1293,388,UPI,0.815,borderline,fraud
e10cb5b0-a1cb-d220-d000-71bdf44c7a19,2026-08-16T16:09:30.354188Z,5275.94,0.8505,5,0.7542,0.6841,4,wallet,0.092,fraud,fraud
1f088434-9d0a-de77-1ce9-d030306dfe9f,2026-08-02T11:22:38.934227Z,1010.79,0.0322,0,0.0823,0.0307,1054,UPI,0.8692,normal,legitimate
6a59ca55-b42d-873a-9d8e-56be26a6a0e8,2026-08-05T16:18:41.961212Z,358.14,0.0525,0,0.1622,0.0495,68,UPI,0.9468,normal,legitimate
81d41725-3454-eb87-abc6-4c7dd9eaa172,2026-07-26T03:19:18.391318Z,108.3,0.1449,0,0.0213,0.0382,22,UPI,0.8617,normal,legitimate
603e1bfb-8d2b-27c2-d7ec-b2a6f5259d4c,2026-08-13T10:51:05.825777Z,426.97,0.2833,6,0.3767,0.0383,1343,netbanking,0.9545,legitimate_but_unusual,legitimate
2ab2107e-b52a-b86c-e819-e115639a6f6c,2026-07-28T08:05:01.085811Z,2196.11,0.8588,3,0.903,0.1319,160,UPI,0.3182,suspicious,fraud
cfd2795a-30c4-7f8e-998c-a33c5af37141,2026-08-10T12:07:59.882736Z,2065.21,0.1501,0,0.1073,0.0222,922,wallet,0.9346,normal,legitimate
f16012a8-1014-0e82-b006-3a0e02dd6390,2026-08-14T06:12:39.119181Z,74920.78,0.5694,0,0.0859,0.0725,991,UPI,0.9315,legitimate_but_unusual,legitimate
6850bdad-c9c0-7da5-c1c9-a65c328756e3,2026-08-18T09:07:00.384304Z,1336.87,0.0412,0,0.0128,0.0037,692,card,0.9926,normal,legitimate
10d765f3-c36d-15ad-aeb1-d9b318d3a8f1,2026-08-21T16:07:19.370847Z,227.32,0.103,0,0.1796,0.0391,234,card,0.9958,normal,legitimate
cce198bb-15a9-d569-aa0e-d08aa46918c2,2026-08-13T14:47:15.453435Z,275.79,0.2221,0,0.244,0.0023,347,UPI,0.8774,normal,legitimate
cf5a8063-ec5e-50bf-5121-77456e43298a,2026-07-25T03:46:22.281005Z,774.72,0.1892,0,0.0498,0.0852,396,card,0.9542,normal,legitimate
e2187f08-3825-5ec3-746e-cf4db4c38668,2026-08-16T15:22:42.809727Z,358.38,0.0544,0,0.0108,0.0149,758,UPI,0.9722,normal,legitimate
30cbc8a5-51d0-9359-2f8a-567a604f12ca,2026-07-31T01:16:38.910247Z,1174.63,0.762,1,0.8441,0.0629,418,netbanking,0.5925,borderline,fraud
8a68287d-e333-1235-b2f9-da66fc994ac8,2026-08-19T13:35:19.882322Z,318.04,0.1013,0,0.0964,0.0126,714,card,0.9147,normal,legitimate
b6700454-7018-4abc-b6e4-1b6fe029613c,2026-08-14T06:08:35.198515Z,294.3,0.0195,0,0.0189,0.0073,868,UPI,0.8802,normal,legitimate
0ff919ad-a157-391b-4104-3a53e2919e50,2026-08-16T10:51:28.402706Z,1614.94,0.1735,0,0.2248,0.0097,273,UPI,0.8946,normal,legitimate
9191b051-ba45-be85-e9cd-33d4660201a5,2026-08-04T07:03:40.059570Z,3070.4,0.0674,0,0.021,0.0549,111,UPI,0.9032,normal,legitimate
3ce31a1b-65ec-7fb4-710a-32e5ad94a3d8,2026-08-22T23:23:55.907832Z,2781.39,0.8718,4,0.783,0.0956,61,UPI,0.4286,suspicious,fraud
fcb86141-4c1f-2a4c-b5c7-846fc64eb18a,2026-07-25T04:46:34.350359Z,1230.47,0.9233,4,0.1224,0.1426,203,UPI,0.848,borderline,fraud
621d276b-9956-d899-f6e6-06dd4bd89b1c,2026-08-09T03:08:29.991183Z,1830.46,0.7979,8,0.8551,0.4426,6,card,0.1081,fraud,fraud
26b99f35-84e2-2e01-c2ad-cb091526b59a,2026-07-26T07:25:09.423388Z,477.43,0.8485,1,0.1512,0.1878,254,UPI,0.8762,borderline,legitimate
da5f20e3-22a6-ad8f-c013-e378e27e0762,2026-07-25T11:40:29.236772Z,700.94,0.1491,1,0.0449,0.0057,714,UPI,0.9872,normal,legitimate
f0c7f649-8aec-fed5-c062-aff989a649d0,2026-08-12T08:29:04.966512Z,353.98,0.2405,1,0.8713,0.1394,274,card,0.6828,borderline,legitimate
ed76ffda-bd33-c1fa-f3eb-22b4c471e22c,2026-07-28T02:38:12.969989Z,1569.88,0.067,0,0.112,0.0928,1155,UPI,0.9353,normal,legitimate
5949d234-2d6c-ebe4-21ca-405db0a7f520,2026-07-31T04:04:43.769012Z,237.02,0.094,1,0.0593,0.0444,88,UPI,0.8759,normal,legitimate
a457a42f-d3a7-1c7b-3008-7acd94fb676f,2026-08-14T11:59:26.717910Z,1399.37,0.1135,0,0.2373,0.0903,242,UPI,0.9225,normal,legitimate
9f70dad0-e21e-a076-e5ef-74390cd3789f,2026-08-05T07:32:37.196778Z,365.81,0.0081,0,0.0807,0.0145,1181,netbanking,0.9469,normal,legitimate
18875974-06be-8230-5bc0-632f688dc8dd,2026-08-14T23:09:10.354711Z,3099.21,0.2668,6,0.2422,0.0161,504,netbanking,0.8484,legitimate_but_unusual,legitimate
9c2895b1-4a44-624c-735b-84381fc706d7,2026-08-06T04:07:54.176235Z,359.98,0.0843,0,0.1446,0.0094,1116,wallet,0.9407,normal,legitimate
d38c9e5d-07a7-8a4a-b5c5-87234151f3dd,2026-08-01T00:14:40.877371Z,269.38,0.9386,1,0.1347,0.1014,465,UPI,0.8984,borderline,fraud
96811e32-6afa-4c6e-f6a3-ef014f118fe5,2026-08-10T00:39:52.365471Z,565.53,0.1146,1,0.1512,0.101,672,card,0.8964,normal,legitimate
b1f449b7-864d-f3dd-5c3d-afa807ac7168,2026-08-02T17:01:23.081297Z,503.0,0.0317,0,0.23,0.089,314,card,0.9947,normal,legitimate
9e8f2729-5168-4900-6349-66d101ed618e,2026-08-05T16:35:33.798121Z,197.42,0.0291,0,0.1594,0.059,291,UPI,0.8697,normal,legitimate
205de195-cd26-881b-eb7c-38eff7afa831,2026-08-16T22:04:57.297359Z,1074.12,0.9897,7,0.9188,0.1952,122,netbanking,0.7102,suspicious,legitimate
269c78ff-2da3-6d02-f33f-c8591cb07c0d,2026-08-04T16:05:36.324914Z,1334.02,0.075,0,0.041,0.0351,791,card,0.9403,normal,legitimate
b895ebed-c1d0-ecb7-4e03-888eca2af888,2026-07-31T19:54:23.493691Z,234.23,0.0049,0,0.108,0.0861,661,UPI,0.9201,normal,legitimate
b512fc05-1502-440e-1ac7-b489687018eb,2026-08-19T11:27:23.230860Z,1570.58,0.1229,3,0.2304,0.0132,592,wallet,0.5994,borderline,fraud
8350dc5b-5842-f250-ec36-90e029449b96,2026-08-01T08:53:42.156521Z,220.72,0.0219,0,0.0318,0.0462,654,UPI,0.85,normal,legitimate
5e96cc19-2d0d-9460-812f-aa04fc7cf909,2026-07-28T14:53:41.684334Z,272.78,0.2274,1,0.1176,0.0098,113,UPI,0.8788,normal,legitimate
432024e7-dbc3-92e0-07f7-2dda013a94e0,2026-08-17T08:40:05.755838Z,128.9,0.0223,0,0.1174,0.0234,110,UPI,0.9712,normal,legitimate
22609012-9cc8-c829-8773-7afe104db405,2026-08-22T18:27:27.234824Z,292.08,0.2166,4,0.0432,0.0368,34,card,0.5342,borderline,legitimate
0070480a-ac0e-28ba-ad97-c365afa11d04,2026-07-29T16:33:16.333614Z,9299.52,0.8883,3,0.9603,0.2689,121,wallet,0.327,suspicious,fraud
04543f2b-d155-5758-5bb2-5147a992fd58,2026-07-31T03:28:15.802439Z,76.02,0.1579,0,0.232,0.0181,572,UPI,0.9109,normal,legitimate
1da41143-48fc-01c1-7a00-1107bcc388c7,2026-08-09T15:57:02.030311Z,52591.9,0.2188,0,0.0303,0.0984,602,netbanking,0.8707,legitimate_but_unusual,legitimate
5511fefd-3b15-0b91-64fc-f6d9f3601b64,2026-08-11T11:10:44.427978Z,1271.33,0.2204,0,0.232,0.0023,253,UPI,0.9222,normal,legitimate
4c87089d-e138-3bfd-98bc-c22ac65e4cbe,2026-08-04T23:35:05.772678Z,737.05,0.219,2,0.2323,0.0544,182,wallet,0.9176,normal,legitimate
06b52374-0e75-3d1f-fcd1-2fb6fb315296,2026-07-29T11:38:04.735156Z,407.28,0.0065,3,0.811,0.0538,544,UPI,0.765,borderline,legitimate
eac75788-02b9-0898-a04e-440d85e3855e,2026-08-01T00:50:10.313862Z,367.2,0.0367,0,0.1524,0.0225,1176,netbanking,0.9288,normal,legitimate
c77086a5-b36b-2b20-00a2-4ee70dbe9723,2026-08-16T15:14:55.969041Z,83828.79,0.6359,2,0.2549,0.0912,1283,UPI,0.8563,legitimate_but_unusual,legitimate
9f01e7b9-c382-b34f-6c5e-aaae7c0aa853,2026-08-15T01:12:36.495146Z,1334.22,0.8501,5,0.7122,0.2648,186,card,0.6882,suspicious,fraud
2c277fa4-a030-692c-90e9-d66bc5b036a3,2026-08-14T08:17:34.893087Z,1540.73,0.0926,0,0.2191,0.0556,497,UPI,0.8848,normal,legitimate
b989cd80-5f26-4480-00eb-42dbf7a3148a,2026-07-28T08:21:00.481303Z,5915.4,0.0938,0,0.0175,0.0797,665,UPI,0.8852,normal,legitimate
27d5e749-0ae8-eb6f-ff5d-0d5ba31a5fea,2026-08-03T15:38:22.297467Z,681.05,0.0943,0,0.0085,0.0053,846,netbanking,0.9906,normal,legitimate
8165c79e-8bab-107d-14d2-aef5c4130493,2026-07-27T21:22:33.709476Z,653.1,0.9117,5,0.8852,0.3076,9,UPI,0.4003,suspicious,legitimate
187b265e-15f4-98e9-f7ca-9eaf9e3057ac,2026-07-30T15:37:40.194957Z,2401.19,0.8294,0,0.8982,0.0339,167,wallet,0.8107,borderline,fraud
f0799d6d-2d01-828d-b4b0-76f75ec28192,2026-07-27T01:14:09.864526Z,74.75,0.0353,1,0.1066,0.005,806,UPI,0.89,normal,legitimate
a32ee9bf-fa62-c7a5-e254-4d21b3532a98,2026-08-06T02:22:45.340919Z,1147.58,0.0181,0,0.233,0.0052,611,card,0.892,normal,legitimate
3d2fb205-b4cd-ab4a-2c41-c4221a70df27,2026-08-04T23:34:55.004196Z,1671.72,0.768,8,0.9417,0.8731,3,UPI,0.3222,fraud,fraud
3cbd105a-10de-0247-2755-da504a53d5b5,2026-08-21T13:01:45.166326Z,995.78,0.1522,4,0.9312,0.0401,196,UPI,0.538,borderline,fraud
bb265178-38a6-ef89-2e4a-e0e39e60850f,2026-08-22T23:51:55.776522Z,229.35,0.1928,0,0.0998,0.0255,1003,netbanking,0.9414,normal,legitimate
f895fca6-251d-4011-1b87-79d814292c63,2026-08-18T14:53:30.080343Z,76.38,0.2187,0,0.2011,0.0697,900,UPI,0.9726,normal,legitimate
6e5ae6a9-970a-3ff4-f512-d4ef95718f22,2026-08-03T18:46:47.070952Z,4222.74,0.1144,0,0.1724,0.0031,548,UPI,0.8851,normal,legitimate
e40e149b-786d-06ef-20e5-ba3cb4c5ed01,2026-07-31T14:37:35.137441Z,665.26,0.0827,1,0.1858,0.0883,679,UPI,0.9042,normal,legitimate
af2d0d06-240b-f14f-8e3e-58a4a269f13a,2026-08-10T14:56:29.378643Z,389.99,0.0699,0,0.2385,0.0071,464,card,0.8868,normal,legitimate
c84928c0-978b-8a91-bfb8-8ccee2ca6f93,2026-07-28T23:26:02.777114Z,480.71,0.1257,1,0.1851,0.021,684,netbanking,0.8887,normal,legitimate
d580027b-b20e-c9bf-57b4-dc1a28265b25,2026-08-06T18:36:47.341028Z,319.41,0.1627,0,0.2115,0.0744,978,UPI,0.9602,normal,legitimate
987cc3a6-e5db-597f-79f5-69d44b325fb8,2026-08-03T10:17:21.219411Z,208.63,0.0763,0,0.0335,0.0127,894,netbanking,0.8992,normal,legitimate
3970d112-c48b-d2e6-644d-0c31eaad0812,2026-08-15T08:24:24.991482Z,231.69,0.7327,1,0.9149,0.076,579,netbanking,0.6818,borderline,fraud
2bbba81e-1812-b43b-9098-f9e30c0eca57,2026-07-31T11:28:30.873267Z,692.89,0.0437,0,0.055,0.0315,351,netbanking,0.964,normal,legitimate
a42b376e-0640-4fa5-c30c-8124a499760b,2026-08-18T18:12:35.583789Z,468.06,0.2404,0,0.1244,0.01,950,UPI,0.9387,normal,legitimate
659723ff-023b-c5e9-b4c5-308e165ccc95,2026-07-30T09:34:53.072093Z,1559.65,0.1831,0,0.1768,0.0525,557,UPI,0.8988,normal,legitimate
8e711557-be0e-be17-5a71-b8774f4fc5e8,2026-08-22T02:16:36.091031Z,7123.67,0.8796,5,0.9397,0.3204,177,UPI,0.3579,suspicious,fraud
a7339d12-c3bb-4cfd-be2b-14308e865a34,2026-08-07T03:46:42.370674Z,12954.26,0.8653,5,0.8652,0.282,70,UPI,0.2592,fraud,fraud
ce8762f1-3a1f-152b-756d-bd529fee0038,2026-07-25T22:23:51.760642Z,1192.28,0.2086,0,0.13,0.0002,638,UPI,0.8679,normal,legitimate
aebcce37-2549-741f-6ffb-d08e261af59e,2026-08-19T13:35:48.206901Z,211.19,0.9597,1,0.1062,0.181,317,UPI,0.5888,borderline,fraud
5b3d4416-5946-245a-73e9-3a78c9cb7c72,2026-07-28T11:27:36.008062Z,2496.09,0.9355,5,0.1802,0.1766,368,netbanking,0.8018,borderline,legitimate
77a701e8-55cb-af99-3d04-c2c1adc0b822,2026-07-24T22:06:50.404523Z,950.18,0.7566,3,0.0798,0.0845,370,UPI,0.6333,borderline,legitimate
324b3215-b452-2017-232d-689a72555fc5,2026-08-03T14:46:07.855939Z,3711.53,0.1118,0,0.1463,0.0507,1086,UPI,0.9738,normal,legitimate
f4a697aa-5c06-d411-6c9a-d5ab31256994,2026-08-22T23:02:53.475208Z,2421.84,0.0745,4,0.7491,0.0636,363,wallet,0.5549,borderline,fraud
ae956d23-2acf-b83f-977c-a95be6b1aed1,2026-08-12T10:34:46.608643Z,43181.47,0.6675,2,0.1119,0.024,1359,card,0.9015,legitimate_but_unusual,legitimate
deac4a3c-c3b4-5e99-57e2-00cb2a25fa05,2026-07-31T23:42:16.043439Z,1713.61,0.959,3,0.8252,0.1122,46,UPI,0.4649,suspicious,fraud
ceff15d2-be10-ac36-8312-b2c7ce75e0d0,2026-08-04T09:08:01.348064Z,1083.74,0.9824,3,0.8793,0.2636,30,UPI,0.3064,suspicious,fraud
108072c9-770c-a0a8-8881-be50a8615df1,2026-08-12T14:16:20.466592Z,563.94,0.0959,0,0.2051,0.0081,138,UPI,0.9681,normal,legitimate
b0c20e26-9390-ab8e-75ce-246a556152dc,2026-08-02T08:30:57.022188Z,2301.82,0.214,0,0.0318,0.0078,1184,UPI,0.9031,normal,legitimate
a13a32e3-635c-bd64-46ad-b7672004b676,2026-08-11T01:33:26.875929Z,1201.72,0.7589,1,0.7201,0.1337,69,UPI,0.5886,borderline,legitimate
e91b33d6-2797-abc5-5782-73b74d33482d,2026-08-02T11:00:46.220230Z,9774.3,0.7402,4,0.9282,0.3488,190,wallet,0.5932,suspicious,fraud
ee1a93cd-9b34-4288-2279-068a87f6b794,2026-08-10T03:55:00.598077Z,581.5,0.1139,0,0.24,0.027,1164,UPI,0.8568,normal,legitimate
6b31bb10-26a0-8a92-0ede-b650776fd1cd,2026-08-04T09:32:29.917327Z,2329.37,0.168,0,0.1427,0.0551,808,netbanking,0.8946,normal,legitimate
545a75fb-53a6-f107-1381-88af1edc7945,2026-07-30T02:49:52.577610Z,1071.48,0.7266,3,0.85,0.288,102,UPI,0.6524,suspicious,fraud
05bfc865-9286-95c2-b8f7-3246c47d3a71,2026-08-06T08:48:26.248772Z,219.06,0.0877,0,0.0131,0.0113,723,UPI,0.9509,normal,legitimate
ad75af33-cbd3-41f2-ac7a-7d68146f14f9,2026-08-19T17:32:59.815266Z,1213.07,0.9074,3,0.7475,0.2113,143,card,0.6228,suspicious,fraud
3063bc5e-b17d-224c-8ed7-cacd6bf0e3ee,2026-08-01T03:33:47.505884Z,1000.0,0.9115,10,0.879,0.8648,87,UPI,0.073,fraud,fraud
632a05eb-4638-8106-503a-da3ec041fa55,2026-08-07T22:19:11.721777Z,9217.87,0.0084,4,0.2459,0.1884,547,UPI,0.8266,borderline,legitimate
2efb43d1-c45a-f09f-9357-81570a4efb55,2026-08-02T23:59:31.974327Z,446.74,0.0985,0,0.1725,0.0013,991,card,0.9807,normal,legitimate
344cd464-2fa5-beaa-4434-b7a66869c293,2026-08-09T06:12:26.389374Z,3968.98,0.0094,0,0.0612,0.075,528,UPI,0.8525,normal,legitimate
8d84c85a-7761-084c-9d7e-8849f18752da,2026-08-04T18:13:26.245585Z,259.01,0.0045,1,0.1524,0.0073,544,UPI,0.9159,normal,legitimate
4fd17994-b95a-b639-3674-bd8ff319f4b3,2026-08-13T23:22:55.186032Z,250.74,0.089,0,0.1263,0.0196,882,wallet,0.9661,normal,legitimate
870bb1cd-d644-e24a-cde3-e1ed7712ff26,2026-08-20T20:04:22.358471Z,81.39,0.2358,0,0.1385,0.026,138,card,0.9936,normal,legitimate
3bdc0b8d-8775-9992-2b93-c9f52a5f1b6f,2026-08-19T17:39:26.609683Z,174.66,0.2195,1,0.8666,0.0431,165,UPI,0.8625,borderline,legitimate
554f4cf8-3a1b-44d4-1a1b-95d7b052af91,2026-07-30T05:44:57.250102Z,248.25,0.1295,0,0.103,0.0006,943,UPI,0.9097,normal,legitimate
43d9da4b-9180-2eb7-bdb7-cd3b24d1cf96,2026-08-04T18:38:53.826951Z,640.03,0.0256,0,0.1609,0.0769,1131,UPI,0.9474,normal,legitimate
9ef81245-bbec-de05-3b70-36d392ab7552,2026-08-14T01:25:24.135122Z,136.92,0.0966,0,0.1978,0.0099,610,UPI,0.9526,normal,legitimate
e84420a1-30cd-8037-0d96-1cb28ef4634b,2026-07-29T20:05:19.179218Z,502.31,0.1043,1,0.2068,0.0436,300,netbanking,0.9189,normal,legitimate
046613fe-d3d7-b7bc-67ef-4fedf7f4c2c4,2026-08-11T04:35:39.425001Z,1362.49,0.1263,0,0.0319,0.0099,1174,netbanking,0.9677,normal,legitimate
e4e41fa8-04d1-4f02-fea7-3f53c035a296,2026-08-08T06:31:46.605634Z,1016.81,0.2379,0,0.122,0.0226,450,card,0.8796,normal,legitimate
9b285a03-713f-7236-d495-dda9306ce283,2026-08-02T06:49:58.018847Z,516.3,0.1045,0,0.021,0.0048,841,netbanking,0.9762,normal,legitimate
a723b3af-f728-fa00-9b00-d4112ee481ae,2026-08-16T10:57:42.516885Z,1675.02,0.004,0,0.1559,0.08,796,card,0.9162,normal,legitimate
e507bf59-e09a-ec34-dde2-4505a9919865,2026-08-20T03:31:58.532386Z,721.58,0.0388,0,0.0116,0.356,562,UPI,0.9414,merchant_anomaly,legitimate
d4520d2a-a43c-b82f-04f8-87d0524b563c,2026-08-01T08:11:09.404221Z,1039.37,0.2244,0,0.201,0.0244,457,netbanking,0.9857,normal,legitimate
611d32dc-1b18-6b67-b95b-0ab92a48e48a,2026-08-15T06:22:16.253803Z,807.95,0.1213,1,0.1457,0.0317,1195,UPI,0.9348,normal,legitimate
13b49846-a807-7f77-2d02-89e0f973d208,2026-08-19T20:38:08.952476Z,172.25,0.2287,0,0.1209,0.0175,588,UPI,0.9282,normal,legitimate
a2f2a3c7-ef03-e220-4515-631bd2298948,2026-08-05T20:05:16.867011Z,227.58,0.0339,0,0.2045,0.0444,253,UPI,0.8987,normal,legitimate
4365e6e0-61ee-87a6-7cbd-7567658ce3c3,2026-08-09T12:38:51.137579Z,206.68,0.0421,1,0.1652,0.0013,917,netbanking,0.9382,normal,legitimate
26875f28-6aa7-efc2-c7f0-8a45a14208eb,2026-07-25T12:09:43.915905Z,1773.18,0.8828,5,0.7912,0.8208,76,card,0.1503,fraud,fraud
6efde3a2-1825-8ce0-7fdc-d8c2e48c0d6f,2026-08-13T17:18:53.978994Z,443.4,0.2012,0,0.1354,0.0223,67,UPI,0.9973,normal,legitimate
81ad4b7f-825d-57b6-705c-064d6406e925,2026-07-26T02:18:00.277177Z,388.49,0.0715,0,0.0705,0.0609,198,wallet,0.9149,normal,legitimate
c7921783-b247-30a5-89be-acd4ca4a130e,2026-07-25T21:17:50.091047Z,500.0,0.8399,3,0.8664,0.1397,70,UPI,0.7104,suspicious,fraud
df20befc-eeb4-3bfc-b0b8-81260af77160,2026-07-30T05:09:36.475554Z,188.34,0.1467,0,0.2201,0.0002,468,UPI,0.9382,normal,legitimate
33a27950-fcd3-3290-5fb0-318283570db2,2026-07-25T14:57:51.649354Z,215.77,0.1688,0,0.0288,0.0301,881,UPI,0.9683,normal,legitimate
24f0c0db-0baf-143d-708d-d26db64e0aae,2026-07-29T02:20:24.126447Z,111.74,0.2411,1,0.1301,0.0254,1020,UPI,0.9179,normal,legitimate
7dc4ade7-08b8-b214-0d1e-c32d822c5232,2026-08-03T03:56:51.359408Z,5755.76,0.8653,5,0.8251,0.6373,75,UPI,0.0907,fraud,fraud
85071608-0848-4398-059b-abef48ccd99d,2026-08-07T04:52:21.849830Z,281.0,0.116,0,0.2048,0.0287,692,wallet,0.8771,normal,legitimate
956a0e1a-1469-af39-c5c6-21274506885d,2026-07-31T14:47:11.155230Z,68.08,0.0621,1,0.063,0.0424,760,UPI,0.9317,normal,legitimate
6efad8d8-32d1-f2ac-c851-0a069fc8058c,2026-08-22T15:00:53.980720Z,86.63,0.239,0,0.1439,0.0435,1022,card,0.8639,normal,legitimate
5f4719b0-e3b1-56c5-f1c4-5d11431d82f2,2026-08-05T22:03:43.891184Z,1460.98,0.2344,1,0.1191,0.0136,178,UPI,0.9855,normal,legitimate
ef6e2ffb-4a19-b7fe-4c69-0bcb31b8f886,2026-08-23T09:08:36.999976Z,928.15,0.0602,0,0.1294,0.0797,1186,UPI,0.8976,normal,legitimate
0dfe88df-42ca-3df4-b3ce-d6826cdb2e9a,2026-08-06T06:25:06.600587Z,12721.32,0.9081,5,0.9949,0.8221,3,card,0.2612,fraud,fraud
d9986a7e-9c87-8b90-a0f3-3c633baf1fee,2026-08-21T13:54:27.587472Z,109.39,0.073,0,0.1202,0.0305,405,UPI,0.8618,normal,legitimate
a77bb618-d0a9-6843-1dc1-ec3d08c1ce0b,2026-08-17T04:55:07.173342Z,217.47,0.058,0,0.1331,0.012,171,card,0.9287,normal,legitimate
f9480ce8-6ac3-de8f-b895-a523143e8e58,2026-08-14T20:18:40.578354Z,191.57,0.0323,1,0.0581,0.0001,961,card,0.9473,normal,legitimate
eb14ac5e-68d3-bc00-7b23-670dc695e4db,2026-08-21T19:36:25.146087Z,764.7,0.1008,0,0.2053,0.0191,1189,card,0.9412,normal,legitimate
7a5fbc35-b783-becc-d2e2-e6e53d6d7159,2026-08-02T11:04:15.820300Z,2244.75,0.2187,0,0.1626,0.0741,100,UPI,0.9044,normal,legitimate
6f0ed998-9823-11ed-3b7d-8457f3e5d280,2026-08-23T11:49:50.047109Z,500.0,0.7434,6,0.7337,0.3236,22,UPI,0.461,suspicious,fraud
33e65f12-9362-18a3-9f00-c0ae712fba86,2026-08-21T03:14:46.429075Z,474.43,0.0959,0,0.2116,0.0294,728,UPI,0.8901,normal,legitimate
dfa486f6-e133-12d7-3eef-84579b056464,2026-08-05T20:57:47.370351Z,2175.94,0.1744,0,0.063,0.0126,1058,UPI,0.8569,normal,legitimate
4d06728f-d7bc-bc08-c71d-692ed98bc125,2026-08-23T04:13:26.113218Z,1575.71,0.0002,4,0.3233,0.0887,1354,card,0.8115,legitimate_but_unusual,legitimate
3b0aa399-74f7-a74f-4305-51925c0c5f00,2026-08-04T04:47:42.950796Z,729.0,0.0245,0,0.1568,0.3776,166,UPI,0.8061,merchant_anomaly,legitimate
e7386a9b-143a-b7f2-325f-9da125a6fb71,2026-08-17T16:44:22.276133Z,126.91,0.2334,2,0.0908,0.1119,1059,UPI,0.9291,normal,legitimate
706e3106-5da7-f795-fd18-ead4757e2396,2026-08-14T10:08:29.365453Z,321.23,0.1026,1,0.2191,0.0117,212,netbanking,0.9926,normal,legitimate
cb4d9fee-eb9b-2a1a-6391-ac90ef3b33eb,2026-08-01T20:39:51.623834Z,459.14,0.1213,0,0.0316,0.0006,1062,UPI,0.9798,normal,legitimate
461da722-264d-ee12-af4d-94245a51cae2,2026-08-15T01:53:58.440766Z,1629.59,0.9228,5,0.9375,0.3408,188,UPI,0.7022,suspicious,fraud
6d27dda4-a1d8-cd86-7bcd-a268e0effdcc,2026-08-02T16:21:57.029081Z,386.64,0.1784,0,0.1258,0.0331,1142,UPI,0.8902,normal,legitimate
a39d2dbc-d882-fe6a-14ed-b0cdfc5bb3f7,2026-07-28T21:09:45.540957Z,82.69,0.2414,0,0.1007,0.041,782,card,0.8947,normal,legitimate
24001e29-927e-b6b7-b25f-e1f9e36e8940,2026-07-30T12:16:12.421508Z,500.0,0.9287,4,0.8777,0.2099,91,card,0.3993,suspicious,fraud
82f5e5fb-fa15-dc4f-001d-ca6839321c52,2026-08-06T09:00:24.540830Z,192.66,0.1932,0,0.0634,0.074,979,card,0.9536,normal,legitimate
6eb966af-5619-02a9-5a99-4ab422b75545,2026-08-10T19:05:45.076676Z,6471.47,0.8997,7,0.9499,0.0768,147,UPI,0.5089,suspicious,legitimate
587d8db2-b466-1aee-a9b4-1dae63f1171b,2026-08-05T15:21:31.622117Z,462.32,0.1404,0,0.0822,0.0052,336,UPI,0.9952,normal,legitimate
ecf7e745-c58a-9ab2-50cf-a084fa5ffbed,2026-08-14T11:13:56.728198Z,3651.7,0.1177,1,0.2281,0.032,799,card,0.9372,normal,legitimate
0730b9f9-174f-33bb-ca02-b10ea697d6ac,2026-07-30T04:10:58.678572Z,4782.47,0.7878,5,0.7976,0.1383,18,UPI,0.6019,suspicious,fraud
714f0e45-4de9-97fc-813e-9d0ec8037b1f,2026-08-08T15:44:51.528335Z,71.42,0.094,0,0.0362,0.0357,959,wallet,0.8502,normal,legitimate
cfcae404-7184-39c3-df69-127a15d0e3ed,2026-08-20T06:27:14.054225Z,227.47,0.2274,0,0.1604,0.0829,1191,wallet,0.8512,normal,legitimate
5b342660-617d-3094-4133-0f181fd73f70,2026-07-27T10:20:27.292242Z,520.72,0.1424,0,0.1685,0.0947,877,UPI,0.9471,normal,legitimate
0fb65800-cf82-6e91-2aba-bf4c74d9baa9,2026-08-22T14:47:17.717979Z,1341.94,0.1693,0,0.2479,0.0024,527,card,0.9207,normal,legitimate
66d6f027-7918-2272-d241-ef27d6f49719,2026-07-24T14:28:13.588853Z,462.62,0.0313,1,0.1458,0.0628,964,UPI,0.9348,normal,legitimate
55ff0bc3-3453-353f-7a15-6ad55629abd6,2026-08-19T10:25:02.822617Z,916.84,0.1301,0,0.0179,0.0061,490,UPI,0.9991,normal,legitimate
a1b65dd4-f085-6ca5-5689-81b38963b31d,2026-07-29T03:56:32.038288Z,3338.86,0.0658,6,0.2911,0.023,980,UPI,0.8892,legitimate_but_unusual,legitimate
8e26d10d-6348-7b1d-80f8-8bdd9523fc3f,2026-08-01T19:25:46.112316Z,110.58,0.7273,1,0.8552,0.1772,510,netbanking,0.5158,borderline,legitimate
db362ff8-4a70-daea-03e0-91dd4e575b01,2026-07-31T19:10:57.868787Z,260.67,0.0703,0,0.1477,0.037,535,UPI,0.9267,normal,legitimate
c9a939e7-7744-ccd1-bc2e-be7d2da08431,2026-07-26T23:11:06.229448Z,2055.45,0.8018,8,0.9431,0.6547,25,card,0.3011,fraud,fraud
a9c7221e-4697-a139-9a3d-86ea9bcd720f,2026-08-20T22:44:16.257785Z,974.73,0.7597,4,0.9073,0.2541,89,UPI,0.4136,suspicious,fraud
706413b8-ba60-b6b8-262b-104ce77a439c,2026-08-03T16:47:19.443866Z,482.35,0.0646,0,0.0799,0.0707,576,UPI,0.9011,normal,legitimate
d0471ad0-c4ea-ca88-5e7f-edff8426fabf,2026-07-30T09:16:24.408943Z,830.14,0.1107,0,0.1397,0.0177,97,UPI,0.8607,normal,legitimate
8679b1a0-b244-05bb-c75f-bc55297a97b1,2026-08-01T13:02:05.348544Z,173.84,0.0125,0,0.2434,0.0245,233,UPI,0.8567,normal,legitimate
35a3638b-c6c1-29a6-5866-7901d4ca1054,2026-08-09T15:35:55.488168Z,597.05,0.1613,0,0.0496,0.0164,187,UPI,0.8803,normal,legitimate
381517bb-a450-967e-3949-36fb14d8c3fa,2026-08-15T00:23:07.433273Z,448.61,0.0091,0,0.0276,0.0127,414,card,0.9038,normal,legitimate
40c3ef06-38b1-3d8d-f62a-d33842d7fe40,2026-08-02T18:08:08.337703Z,666.33,0.2166,0,0.0123,0.0009,42,card,0.9813,normal,legitimate
bd55883a-c011-d3e0-7093-f4abe7b1cac1,2026-07-30T11:35:26.092198Z,264.35,0.0592,2,0.034,0.0334,850,wallet,0.8696,normal,legitimate
2b5e1f32-1c51-2246-8ca9-c1110b50ef36,2026-07-28T13:54:40.123362Z,1031.29,0.0042,0,0.1159,0.0477,886,netbanking,0.8597,normal,legitimate
be222c4c-7546-1e1b-1248-a5901640cd26,2026-08-13T17:11:13.463167Z,644.0,0.1517,0,0.1152,0.0296,1054,netbanking,0.9617,normal,legitimate
df2a4ef3-0f2b-d00e-c753-e8e36561ff64,2026-07-29T23:03:44.438876Z,1170.6,0.2184,0,0.134,0.0169,798,UPI,0.861,normal,legitimate
caf86b2d-ff70-ef51-55e2-868b95e2d0c0,2026-08-13T12:14:16.645891Z,238.17,0.2254,1,0.1914,0.0427,305,UPI,0.9863,normal,legitimate
4d7ce6b8-1f25-6b9a-77ec-0edb2dbb8dce,2026-08-02T20:05:49.785621Z,1963.4,0.1897,0,0.1831,0.0072,835,card,0.8605,normal,legitimate
c0ca8b58-15e0-d30e-d951-f49e772c1f13,2026-08-05T23:29:03.164603Z,198.11,0.0609,0,0.0413,0.0181,869,UPI,0.8728,normal,legitimate
8f865bed-1d3e-ed61-ec80-113c161dad1e,2026-08-11T02:18:59.047093Z,1142.62,0.2289,1,0.2277,0.0025,1198,UPI,0.8737,normal,legitimate
67ccae16-166e-2b66-082d-d57c215320b9,2026-08-20T12:50:17.721386Z,280.46,0.155,0,0.097,0.0896,337,UPI,0.9045,normal,legitimate
77deae48-a776-d8f1-5c27-0ea1d8c8fbe9,2026-08-11T02:47:52.275053Z,2537.08,0.8002,0,0.0223,0.0925,102,card,0.6739,borderline,fraud
44d889bb-375d-d77b-2055-0637f9e61845,2026-08-03T19:05:46.753448Z,274.01,0.1899,0,0.1812,0.0032,385,UPI,0.9745,normal,legitimate
f5a490e9-7c52-f15b-0bf5-ed3582ce4362,2026-08-08T01:08:06.400400Z,206.4,0.2067,1,0.0845,0.0377,553,UPI,0.8791,normal,legitimate
aab37f39-baa3-6808-6b13-d373faf2a9e9,2026-08-02T05:05:44.033681Z,423.56,0.1884,0,0.1773,0.0484,45,UPI,0.9647,normal,legitimate
471c121d-26e6-ad05-9938-ecabf9c0877f,2026-07-30T13:28:28.712122Z,1096.27,0.2075,0,0.0535,0.12,504,UPI,0.8716,normal,legitimate
f6565507-42cc-20d1-28df-e99d9c2e2e8e,2026-08-06T22:36:03.470842Z,4587.35,0.9669,6,0.9612,0.1004,105,card,0.5366,suspicious,legitimate
1b6ffda8-c6ac-1adb-eaa2-88a1b7974d1b,2026-08-15T16:10:08.476091Z,54430.19,0.948,5,0.7949,0.7089,32,UPI,0.219,fraud,fraud
80e2f54c-4d95-0c5f-2387-d1aa5e527aab,2026-08-03T08:43:06.604844Z,13601.1,0.8116,3,0.9656,0.1923,17,UPI,0.7456,suspicious,legitimate
f5b9bab2-bedb-4508-909c-3d89c8949e47,2026-07-30T00:52:50.823828Z,1101.01,0.0406,1,0.0492,0.0134,348,UPI,0.9625,normal,legitimate
8121aa58-861f-3877-d1ec-d158da21187b,2026-08-02T04:17:38.670819Z,2174.24,0.1255,1,0.0866,0.1009,549,UPI,0.8728,normal,legitimate
c4698413-85dd-f39e-25fd-52463daebced,2026-08-23T06:24:17.331461Z,1913.57,0.0758,0,0.1921,0.0214,193,UPI,0.9601,normal,legitimate
9c14f750-9ba2-4eee-8a9e-151a7892a3d3,2026-08-21T10:58:49.635880Z,989.23,0.2005,0,0.1127,0.0243,411,UPI,0.8554,normal,legitimate
ded46974-b7dc-1441-ee19-fe83aa199085,2026-08-08T19:37:10.725781Z,877.36,0.2334,2,0.1189,0.0227,331,netbanking,0.8686,normal,legitimate
fcc43c2f-b356-7bfc-ceea-97352e015e89,2026-07-31T06:06:00.501907Z,903.46,0.1016,2,0.2015,0.0274,424,UPI,0.8889,normal,legitimate
76be82dc-26c0-17e1-f029-b5d80b932842,2026-08-13T10:37:03.504906Z,1629.67,0.0062,1,0.1888,0.0127,154,UPI,0.85,normal,legitimate
e4fb9c3f-9a7d-50c7-b643-73be2009a424,2026-08-01T15:20:39.495727Z,657.0,0.0042,0,0.2145,0.0195,155,UPI,0.9317,normal,legitimate
eeecd172-9ef9-f431-e212-f487e54eb508,2026-07-24T23:53:44.019519Z,1366.84,0.9475,0,0.1106,0.1188,455,card,0.8665,borderline,legitimate
8cec2b11-dda3-b665-d668-fdbfb209426d,2026-08-02T10:59:36.060711Z,967.05,0.0657,0,0.0755,0.0448,307,card,0.8537,normal,legitimate
36f1550c-d90e-dcb3-911b-75f78f67560f,2026-07-31T15:18:10.766695Z,752.1,0.2801,4,0.086,0.0651,612,UPI,0.8429,legitimate_but_unusual,legitimate
660dde6b-53d1-c385-8431-d2bc402a76bb,2026-08-04T17:57:53.077600Z,1029.51,0.1349,0,0.0428,0.0557,940,card,0.9214,normal,legitimate
0b805461-8454-2426-e13f-19662fd1d086,2026-08-09T21:51:46.280167Z,594.11,0.0094,0,0.0337,0.0482,664,UPI,0.8561,normal,legitimate
8fdcb14f-69c0-f116-a3d5-3e9c9dfab6b7,2026-08-10T03:56:56.740263Z,1947.18,0.1455,0,0.2051,0.0071,1046,UPI,0.9926,normal,legitimate
f3ca1c59-38ef-50a4-7d4e-2a5f0b181692,2026-08-22T14:15:55.433464Z,590.58,0.1352,0,0.0607,0.0004,545,UPI,0.8606,normal,legitimate
a7d35d97-8ef7-9e9b-940a-2566ae2d1a61,2026-08-02T01:23:04.904388Z,2129.06,0.1567,0,0.0101,0.0949,834,wallet,0.8553,normal,legitimate
8ca0a42d-c0fb-9b7e-eff0-69e823e11e7c,2026-07-30T23:31:44.771235Z,1185.8,0.0853,3,0.1308,0.0843,88,card,0.6638,borderline,fraud
2c3146f8-96db-ad3c-2e8d-2b741e99133c,2026-08-08T08:37:31.706811Z,177.69,0.217,1,0.1283,0.0366,253,UPI,0.956,normal,legitimate
8e136977-7669-a19e-c191-6593bca5a6de,2026-08-19T17:36:05.812827Z,308.25,0.0673,5,0.8151,0.1671,117,UPI,0.7195,borderline,fraud
d9c87138-a843-6709-f06a-ba2ff9a90ff5,2026-08-05T02:55:11.908937Z,1491.93,0.1563,1,0.0614,0.0061,1196,UPI,0.9174,normal,legitimate
f28f7f81-96b5-9226-5750-38d72b74a657,2026-08-13T14:23:34.378007Z,1078.56,0.1673,0,0.1582,0.0529,56,card,0.8987,normal,legitimate
5c040f72-07aa-387b-ab2d-8d35ec01cee5,2026-08-23T08:12:47.440843Z,1482.11,0.0078,0,0.005,0.0012,753,card,0.8533,normal,legitimate
e3ef3dc8-84ad-ac2b-b84e-a69d6f7cd996,2026-07-30T04:52:09.862267Z,2411.89,0.7352,0,0.1359,0.0653,427,UPI,0.7368,borderline,fraud
c30da2e9-0322-ada0-7af7-4d96af522565,2026-08-17T23:30:48.836490Z,3260.82,0.131,5,0.3756,0.0668,564,wallet,0.963,legitimate_but_unusual,legitimate
f57abd94-7df5-0c29-565e-23804122103d,2026-08-09T06:00:54.508061Z,1206.49,0.9601,3,0.7977,0.2806,43,UPI,0.3316,suspicious,fraud
64d603f1-0b95-3da0-429f-d762407e07d2,2026-07-28T12:18:03.941841Z,688.33,0.149,1,0.2213,0.0686,107,UPI,0.9569,normal,legitimate
fb839666-0f65-7d02-ae5d-e8dc190484ac,2026-08-18T07:26:48.691883Z,92344.09,0.4865,0,0.1245,0.0975,655,card,0.8213,legitimate_but_unusual,legitimate
c73159e8-bceb-c2ab-f4d7-cab66ca41742,2026-08-18T05:23:58.636639Z,772.56,0.0701,2,0.2082,0.0196,244,card,0.9004,normal,legitimate
af89da7d-54d9-91ce-2672-35796366a758,2026-07-28T03:19:18.800366Z,127.09,0.1583,0,0.0983,0.0181,543,UPI,0.9152,normal,legitimate
ea8e26a2-2af0-6394-ef2e-7a3dcaaf7057,2026-07-30T22:22:40.249093Z,467.82,0.1231,0,0.066,0.0254,801,UPI,0.8732,normal,legitimate
4b65b4dc-a970-1109-0872-3ccfceb53c54,2026-08-05T08:53:04.122251Z,393.77,0.0753,0,0.1299,0.0295,199,wallet,0.9306,normal,legitimate
e67c1f1d-3d69-47d2-5691-1a7aad4dfeab,2026-08-03T16:37:40.253368Z,1529.57,0.8943,4,0.8413,0.2475,22,UPI,0.4473,suspicious,fraud
c1d7444f-2b4e-b450-f3f5-929604bf2432,2026-08-01T07:24:36.292667Z,91199.8,0.5442,2,0.0758,0.0595,938,UPI,0.8941,legitimate_but_unusual,legitimate
6fc70840-0bbe-996c-a826-875037cdb53a,2026-08-06T03:23:40.576259Z,152.41,0.9175,0,0.1172,0.1447,177,UPI,0.5277,borderline,fraud
43b68ef6-ac9c-7814-bbf7-ad8c0b5cd7c6,2026-08-11T19:08:14.648050Z,405.82,0.1379,0,0.0769,0.0019,132,UPI,0.9148,normal,legitimate
1fa73d9e-2168-010c-5b8d-b05b5eb8c744,2026-07-30T13:16:27.624183Z,172.2,0.157,0,0.1244,0.0302,463,UPI,0.9901,normal,legitimate
593681ec-3cca-6beb-c403-afa2f3297c87,2026-08-22T23:09:02.124575Z,1006.22,0.7721,4,0.9111,0.3387,198,UPI,0.4098,suspicious,fraud
13322a2a-9924-7b8b-7ef9-8854432428c2,2026-08-15T11:46:45.899261Z,418.0,0.1598,1,0.0744,0.0246,237,UPI,0.9578,normal,legitimate
53ef3961-69cb-1803-3f27-389998ec4db4,2026-08-20T23:08:18.631968Z,275.68,0.9173,5,0.1306,0.1907,249,UPI,0.598,borderline,fraud
165463bf-3e92-5170-8e48-b280e023d693,2026-08-01T09:57:17.780001Z,3441.23,0.0502,0,0.0658,0.0646,391,card,0.8833,normal,legitimate
4f7b599d-1f84-e288-077d-8eb070980d55,2026-08-10T01:04:51.281801Z,5184.51,0.9,0,0.2112,0.1216,332,netbanking,0.5845,borderline,legitimate
07a72fac-9c5a-fa27-5f9d-997165350c3c,2026-08-09T00:24:43.761502Z,1419.61,0.1274,1,0.117,0.031,882,card,0.9975,normal,legitimate
481628fa-a0ec-cedd-a81e-2b6858544bfe,2026-08-09T09:55:39.992447Z,1660.82,0.1272,1,0.0671,0.0146,15,UPI,0.8882,normal,legitimate
886f633a-19cc-32cb-0892-48360ef787a5,2026-08-10T11:38:40.749047Z,509.77,0.2069,1,0.1995,0.061,808,UPI,0.9478,normal,legitimate
a70b0257-d97b-e770-b650-8ab9d65b8c67,2026-08-04T09:30:26.335951Z,1124.02,0.0663,1,0.1109,0.0047,1181,UPI,0.9349,normal,legitimate
4adbc22f-bdcd-7f16-3dff-fb485d294dce,2026-07-31T16:35:31.178158Z,865.59,0.0973,0,0.0965,0.0003,944,UPI,0.9072,normal,legitimate
7c39c22c-b3bd-4951-822b-a880e289eaf3,2026-08-11T18:03:33.409126Z,337.65,0.1348,0,0.2287,0.0065,513,card,0.9314,normal,legitimate
03cbd292-86a3-7cce-6c81-bff4a2d0fa79,2026-08-20T02:54:09.214291Z,650.8,0.2329,2,0.0405,0.0811,246,UPI,0.9141,normal,legitimate
0b2d13cb-8139-812a-064b-17514f930c9d,2026-08-15T19:58:54.643159Z,441.24,0.0802,2,0.0366,0.12,926,card,0.8946,normal,legitimate
c135c2c2-d622-fd9a-2787-df211d077c3e,2026-08-14T21:23:57.857896Z,39889.93,0.2926,2,0.3839,0.0119,344,card,0.8554,legitimate_but_unusual,legitimate
320f889b-86a2-28ae-1478-a72b48eb5373,2026-07-24T21:47:02.328782Z,210.73,0.2097,1,0.012,0.0023,1026,card,0.8715,normal,legitimate
feb9fa87-2465-2b3b-1364-c5ef19013c0d,2026-08-08T15:53:40.180897Z,159.34,0.0918,1,0.2028,0.0931,934,UPI,0.9598,normal,legitimate
8446ddf4-9340-3282-1459-cdbce7703963,2026-08-13T01:30:43.465303Z,1629.7,0.0503,0,0.0663,0.0318,178,UPI,0.9114,normal,legitimate
9301241d-3127-c736-586a-809d9a464bef,2026-08-05T10:57:54.154876Z,1822.71,0.0962,1,0.011,0.4784,396,UPI,0.8062,merchant_anomaly,legitimate
c3888557-1d0a-c14a-f2a6-27f569c47ca1,2026-07-26T01:28:50.520075Z,722.24,0.1692,1,0.922,0.0484,359,card,0.8568,borderline,legitimate
86954fa9-f2e9-a9c8-1bfa-682f32e2d65a,2026-08-13T04:58:32.054376Z,806.29,0.0025,1,0.1263,0.0335,599,UPI,0.9074,normal,legitimate
f5d6ac23-1545-22a5-eafc-bdd5edc9f46b,2026-08-03T08:12:44.987388Z,111.35,0.1985,0,0.1738,0.021,365,card,0.9779,normal,legitimate
f7349f32-9dda-f13b-8c6c-9c708e83e916,2026-08-04T12:08:53.873346Z,906.58,0.1197,0,0.1713,0.7755,278,card,0.8423,merchant_anomaly,legitimate
0c1639c0-16a9-6abd-d8b8-29c1620bfd3c,2026-07-29T03:08:54.433882Z,2638.5,0.0409,1,0.1638,0.0071,1136,UPI,0.8691,normal,legitimate
449b4f7c-9d1b-7e3a-77a5-0c07574d3afa,2026-08-19T00:07:09.516041Z,3119.41,0.1849,0,0.2035,0.0575,877,wallet,0.9859,normal,legitimate
a0ab0524-dbe8-1d99-804c-b733f6d38b08,2026-08-15T20:52:28.831587Z,1140.5,0.1045,0,0.0641,0.0826,890,UPI,0.9237,normal,legitimate
19687ce4-33f3-312a-5c5a-81719541ab2b,2026-08-17T16:32:49.613327Z,395.22,0.0559,0,0.2334,0.0081,216,UPI,0.8823,normal,legitimate
e8392db5-add2-a3b0-f18c-ec0f192baab0,2026-08-23T00:00:32.844541Z,627.95,0.0097,0,0.1539,0.0606,575,UPI,0.8674,normal,legitimate
23b2e4f4-d45a-6e03-9d3b-a71197056248,2026-08-14T16:39:49.828799Z,242.7,0.2302,1,0.1221,0.0499,815,UPI,0.9234,normal,legitimate
4b72c707-dac3-f41c-47a7-52ee5891a6cb,2026-08-09T03:50:30.087462Z,763.57,0.1022,0,0.1503,0.0065,278,UPI,0.8891,normal,legitimate
0a70ff41-8bf3-1602-a71d-0b962f0cf2bb,2026-07-28T14:03:09.599473Z,6192.96,0.8853,8,0.827,0.7338,73,card,0.0527,fraud,fraud
67833f70-084b-2d23-00b9-6b96cf577170,2026-08-11T17:05:32.667505Z,964.02,0.0408,5,0.1781,0.0309,773,netbanking,0.8862,legitimate_but_unusual,legitimate
a33c8db7-a506-e4b5-26e8-9019f67fe735,2026-08-13T02:57:53.126734Z,1054.86,0.9735,8,0.8981,0.8701,1,card,0.3374,fraud,fraud
cc0beaae-1ba3-fce4-c44f-7d13cc53d1fd,2026-08-05T11:31:07.143718Z,452.61,0.2466,0,0.1841,0.0161,216,UPI,0.9655,normal,legitimate
6278c7ba-ab4a-5f97-67f7-36a3d52a5446,2026-07-25T11:37:07.405814Z,2079.97,0.0874,0,0.1041,0.0361,1181,UPI,0.938,normal,legitimate
a1e23285-b5f1-e879-75a8-b6c502c3d4d4,2026-07-30T14:12:10.990313Z,273.99,0.1039,0,0.015,0.0115,478,card,0.8807,normal,legitimate
fa1cb5ab-da58-0c00-9609-798fbae5482b,2026-08-16T18:25:22.413969Z,109.0,0.1655,0,0.1238,0.0497,1011,UPI,0.9367,normal,legitimate
c77f6029-a315-0cc9-a5a5-07e667d042ab,2026-07-26T15:12:51.495203Z,22.59,0.0886,0,0.0773,0.0939,793,netbanking,0.9045,normal,legitimate
6788979f-d524-6953-f8b6-c29197aee2ca,2026-08-19T14:04:28.758880Z,748.52,0.0223,0,0.1738,0.0158,845,UPI,0.945,normal,legitimate
782f9df1-fc4a-71b7-05ab-4e57bb8f13f9,2026-08-17T01:57:00.803263Z,651.89,0.9043,3,0.0657,0.1077,518,card,0.7991,borderline,fraud
1f559d82-411c-23d1-6307-22f898e4f6cb,2026-08-16T17:02:41.611061Z,9594.05,0.7574,5,0.9312,0.4177,6,netbanking,0.3752,fraud,fraud
a06051b6-4396-a004-205b-bc3c8dd16f7e,2026-07-26T15:57:49.470664Z,166.73,0.0259,0,0.149,0.033,111,card,0.9569,normal,legitimate
43e2038f-0d0a-6900-1d4a-b4006df87b5f,2026-07-31T14:43:08.004776Z,292.86,0.9374,5,0.0631,0.1093,368,UPI,0.6988,borderline,legitimate
12c9685c-6466-8950-2bec-7117babfb3ce,2026-08-03T22:58:49.407080Z,174.63,0.2131,1,0.1446,0.0078,762,UPI,0.9895,normal,legitimate
9d0d6039-b7b5-3584-e824-75aed3ffc875,2026-08-05T17:28:28.495621Z,1844.77,0.0072,0,0.0374,0.4177,980,UPI,0.9468,merchant_anomaly,fraud
b6f01b19-7472-3426-195f-fd7cfd299020,2026-08-12T11:46:40.792830Z,160.87,0.1206,0,0.2357,0.0078,1184,UPI,0.932,normal,legitimate
7a339df4-aa99-6f85-ece3-aa04146088d2,2026-08-09T23:37:15.207931Z,393.33,0.1351,0,0.2332,0.0826,1126,UPI,0.8877,normal,legitimate
4786dbf7-3b54-c428-ad99-7e2fd8c32534,2026-08-06T10:50:23.712251Z,4231.5,0.0379,0,0.1647,0.12,136,UPI,0.8854,normal,legitimate
d3139c04-ac28-57fb-46bd-7af6cd6e109f,2026-08-17T01:58:28.371822Z,105.17,0.2325,0,0.0221,0.0578,374,UPI,0.9275,normal,legitimate
0d1702b4-f50f-ad19-a708-bf0679d3454c,2026-08-17T08:04:03.869963Z,3231.22,0.2594,5,0.1888,0.0201,582,UPI,0.9038,legitimate_but_unusual,legitimate
d0e4ca8e-22cf-d7fe-61e9-0bbbd6254472,2026-08-11T00:06:12.027165Z,802.16,0.2352,0,0.1458,0.0322,347,UPI,0.9539,normal,legitimate
d5462ce1-73ea-5f29-5b3a-dede0d036841,2026-08-15T13:19:43.519159Z,1067.85,0.1468,1,0.0575,0.0016,148,card,0.8966,normal,legitimate
704eeb48-b7eb-6bff-506c-7109bac24b44,2026-07-26T02:24:45.485112Z,307.01,0.1601,0,0.1109,0.0089,419,UPI,0.9128,normal,legitimate
fb897d3b-21d5-07dd-26e9-ef47c2fdbb66,2026-08-20T19:55:28.242711Z,769.48,0.1164,0,0.205,0.0109,413,card,0.8997,normal,legitimate
a34e8ed8-2272-35b3-c128-159dbe3aba1a,2026-08-20T12:32:04.364630Z,136.43,0.0207,0,0.1745,0.0329,714,UPI,0.995,normal,legitimate
11b914bd-025c-b2bc-1bf4-cc5045d97ef9,2026-08-21T23:39:52.186242Z,207.26,0.2369,1,0.1866,0.0055,97,UPI,0.9616,normal,legitimate
4e70ffeb-7c7b-897e-3c1a-047bc0e98b1c,2026-08-04T07:05:15.431648Z,3846.22,0.7827,5,0.7769,0.074,91,UPI,0.646,suspicious,fraud
1933cf3e-1cd0-7811-94e0-a8630acf4ad6,2026-08-03T15:24:03.297803Z,1215.22,0.2414,0,0.1107,0.0182,1159,UPI,0.9826,normal,legitimate
7dfd5314-fdeb-0761-845a-43bbe28034f9,2026-08-16T04:29:59.710830Z,273.59,0.038,0,0.128,0.0018,1076,netbanking,0.8723,normal,legitimate
6cdfadf1-19b6-7fab-2ee0-170a1f6d4e0b,2026-08-04T05:04:31.280147Z,698.55,0.1233,0,0.1595,0.014,775,card,0.9178,normal,legitimate
ac068c88-2e0e-5e75-8b4c-b6def528b909,2026-08-19T18:27:31.620698Z,328.46,0.1548,1,0.0046,0.0558,493,card,0.9852,normal,legitimate
94f46b55-7ed2-00f9-9dd6-4518161b1da1,2026-07-25T07:41:55.542969Z,80778.73,0.3955,2,0.201,0.0562,480,card,0.9354,legitimate_but_unusual,legitimate
1365132a-f081-e493-0433-a5cc283d1e4f,2026-08-14T00:53:33.129688Z,200.0,0.1257,0,0.0171,0.902,244,UPI,0.7506,merchant_anomaly,legitimate
f388a808-32de-a5e8-c167-8f720213a2e9,2026-08-08T00:57:41.176661Z,500.0,0.8905,3,0.9634,0.3004,98,card,0.4717,suspicious,fraud
9bfb8848-6b29-8cab-782f-ec5db93d5e7d,2026-07-28T16:01:00.374979Z,2362.4,0.203,6,0.201,0.0337,931,UPI,0.8399,legitimate_but_unusual,legitimate
1b4224a5-613f-896e-221c-ec93bb75e5c2,2026-08-03T13:01:40.958656Z,4685.84,0.7534,6,0.7294,0.0841,140,wallet,0.6321,suspicious,fraud
7e42d75e-3700-8eec-d5b2-097c0d22723c,2026-07-31T06:19:36.397087Z,402.25,0.2316,0,0.0724,0.0374,314,UPI,0.9319,normal,legitimate
388450cb-ac93-3e63-133c-ce1710e9fe66,2026-08-13T21:49:21.943187Z,134.71,0.046,0,0.1048,0.0173,919,UPI,0.877,normal,legitimate
948d1efc-598d-5f2a-6d06-c2d6a3b9b22f,2026-08-02T00:21:20.952433Z,2927.85,0.2406,0,0.2103,0.052,347,netbanking,0.9086,normal,legitimate
ca75e778-35cf-01bb-b7f3-51e1d587d0a5,2026-08-21T22:12:36.382766Z,218.04,0.0801,0,0.0346,0.0367,1051,UPI,0.9741,normal,legitimate
fa5f3253-248a-46bd-f9b9-aaee83496e5d,2026-08-05T22:01:58.005580Z,6089.71,0.0912,3,0.0456,0.0625,454,card,0.5962,borderline,fraud
003563ce-07e8-a215-70f2-8dbf6237e798,2026-07-31T05:53:40.656837Z,4538.36,0.0411,0,0.1809,0.0175,1100,netbanking,0.8713,normal,legitimate
5ad0996c-c962-ac3f-59d7-06e8126e8b54,2026-07-29T13:00:17.398451Z,294.29,0.1593,1,0.0693,0.0049,633,UPI,0.8627,normal,legitimate
59d4a7ea-93cd-92a5-0566-a6ebc209771c,2026-08-22T17:02:30.143479Z,19393.25,0.7625,7,0.8356,0.4344,59,UPI,0.1046,fraud,fraud
449bef50-a074-721a-f023-da81b2faac95,2026-08-08T17:57:58.706931Z,595.03,0.0904,0,0.2358,0.0437,784,netbanking,0.9018,normal,legitimate
49162140-78c4-1c63-ce5d-e6b105f25bb3,2026-08-20T06:24:41.392096Z,73181.54,0.0493,1,0.0284,0.0088,568,UPI,0.8207,legitimate_but_unusual,legitimate
9ac79787-e1ae-d6c2-0eb8-ec3ddf4ab15a,2026-08-23T04:52:55.323038Z,1124.65,0.2087,1,0.2345,0.0537,728,card,0.864,normal,legitimate
672c10cb-4b97-d80e-4b25-64a969857df2,2026-08-01T22:45:44.501442Z,4388.4,0.8655,7,0.7973,0.4291,47,UPI,0.3576,fraud,fraud
344c1ec5-3bd6-8345-eb0b-40376bbe1af7,2026-07-27T14:59:18.550458Z,755.72,0.2464,0,0.097,0.002,503,card,0.8879,normal,legitimate
d41bbf93-8ca4-2a49-b3c7-d5436b7af94d,2026-08-23T03:32:32.234220Z,1753.13,0.9141,4,0.7686,0.1645,142,netbanking,0.5741,suspicious,legitimate
d5f683d7-39b9-ef98-d62f-77f3246bd001,2026-08-22T23:13:40.890608Z,91231.0,0.2175,0,0.0811,0.0064,1262,netbanking,0.8601,legitimate_but_unusual,legitimate
e22f3149-7978-e4ab-1fe6-e1d0ddd42151,2026-08-13T10:34:40.135795Z,138.39,0.2496,0,0.2356,0.0615,616,card,0.9441,normal,legitimate
6e74fa28-8758-2d29-69a1-2876b9dcdb8e,2026-08-13T17:27:53.953345Z,376.9,0.2418,1,0.2109,0.0237,699,UPI,0.9596,normal,legitimate
9df638de-cd1d-afb8-8520-51ce42cc2a24,2026-08-11T12:19:16.188765Z,821.73,0.1382,0,0.0047,0.0957,406,card,0.9014,normal,legitimate
a84657b5-0c9b-8155-6a81-46d62cca1a3d,2026-08-05T14:09:10.219002Z,350.29,0.1318,0,0.1386,0.0121,156,card,0.9007,normal,legitimate
48e9ca97-4392-19e5-8d87-8094644531dc,2026-08-05T08:10:32.179151Z,747.44,0.1808,0,0.2129,0.0025,323,card,0.8569,normal,legitimate
92ce4d3a-fe27-e321-3f98-caf65acccf97,2026-08-19T16:53:44.476546Z,330.22,0.0391,0,0.0497,0.0396,471,card,0.95,normal,legitimate
4a1108e6-075b-6bd4-e0b0-7fc8d66b2c9b,2026-08-22T15:20:48.763766Z,344.31,0.1328,1,0.2313,0.0099,748,UPI,0.9066,normal,legitimate
e3e2a7f6-7905-aa0a-bb4c-df84593bcc65,2026-08-22T09:06:04.384633Z,608.58,0.0572,0,0.0767,0.0872,838,UPI,0.9032,normal,legitimate
0bad9f9b-bc19-b3ac-ef0c-334fa057f64b,2026-08-18T05:43:05.813549Z,1863.75,0.0399,0,0.0181,0.0034,997,UPI,0.8721,normal,legitimate
657be705-b6ca-1a67-a15e-c8586e51a630,2026-08-01T13:37:40.662442Z,2138.49,0.8282,5,0.9512,0.1791,88,netbanking,0.4977,suspicious,fraud
fbd38365-1d12-474c-f612-419f69cc0a86,2026-07-30T20:31:21.896648Z,1035.06,0.1415,0,0.0789,0.0084,242,UPI,0.9835,normal,legitimate
3c9d1a22-78b0-f804-f24d-87802ac46981,2026-07-29T20:46:59.469434Z,1181.66,0.248,0,0.9003,0.032,371,card,0.7795,borderline,legitimate
7bb77fa7-af42-04d2-6a4e-f02664622b50,2026-08-16T00:41:32.700031Z,256.57,0.0801,0,0.2178,0.0612,485,UPI,0.8975,normal,legitimate
bf9236f9-aec2-11ad-1c61-08f8cb522a72,2026-08-06T01:55:38.627426Z,335.8,0.0523,2,0.027,0.0268,845,UPI,0.9579,normal,legitimate
ea5013fc-58e5-f244-15aa-f8ef5b5b208a,2026-08-13T12:50:25.123505Z,228.43,0.2315,0,0.1103,0.0074,57,UPI,0.9286,normal,legitimate
29886d83-e515-283f-acdc-f03fa69a476e,2026-08-04T10:28:47.369265Z,4326.56,0.7683,6,0.7149,0.1102,170,UPI,0.3532,suspicious,legitimate
c055679c-3312-4c69-2e11-740a6218f8ae,2026-08-03T11:47:09.379772Z,150.72,0.8794,0,0.0974,0.0323,250,UPI,0.7015,borderline,fraud
b241588f-ec97-f68a-a85f-cc4a40941ae8,2026-07-27T21:02:24.303989Z,2068.78,0.2253,1,0.8361,0.0423,40,card,0.8273,borderline,fraud
be71f406-4188-718d-983f-b110f7561a18,2026-08-15T13:45:36.277921Z,1050.1,0.1891,2,0.0428,0.0009,695,wallet,0.9422,normal,legitimate
10d96cfe-624c-0dbc-fb4e-5ce151dfec4c,2026-08-19T13:35:35.205619Z,200.37,0.2329,0,0.0396,0.0026,1158,card,0.9068,normal,legitimate
f5eb6f88-2b9f-173b-7c89-075339b0f474,2026-08-10T22:44:27.107695Z,692.14,0.0823,0,0.1253,0.0023,899,card,0.9092,normal,legitimate
ea6d922c-b969-8169-0475-301904a3b38c,2026-08-13T05:07:34.478237Z,658.41,0.0212,0,0.187,0.0511,1157,UPI,0.942,normal,legitimate
ade3e61a-4fe6-5ed4-8a1b-075c7b976828,2026-08-11T09:41:20.920754Z,1613.68,0.1683,1,0.72,0.1136,125,UPI,0.7067,borderline,fraud
cbeceffc-e5bd-478f-4073-39741e44f21a,2026-08-18T22:29:13.247078Z,292.89,0.1083,0,0.1634,0.0649,158,UPI,0.8556,normal,legitimate
835ade69-5988-bbd2-58ed-331f5d51c185,2026-08-10T06:27:26.275297Z,152.71,0.0411,0,0.043,0.0491,866,card,0.9694,normal,legitimate
150c8ea7-ca2d-9f21-1a56-f445c2ce38de,2026-08-06T06:21:52.626829Z,225.23,0.0128,0,0.1449,0.0263,902,netbanking,0.8801,normal,legitimate
060e7d0d-ad32-2c6f-cd41-b3eb66935757,2026-08-17T13:15:59.964468Z,6691.92,0.0847,1,0.1977,0.9245,533,card,0.9659,merchant_anomaly,legitimate
fcb43dfb-cc0d-7f6f-6ff2-56c6d6444af7,2026-07-24T22:25:33.208694Z,550.66,0.0978,3,0.0066,0.1474,206,card,0.7802,borderline,legitimate
4384d7e3-bbc2-1a50-fccf-0f896da736b5,2026-07-29T04:02:10.636666Z,1815.16,0.7719,5,0.9157,0.3199,154,netbanking,0.3475,suspicious,fraud
9304a1f6-d7d5-c320-8e2e-678fafa3d3e1,2026-08-14T23:05:14.495391Z,1528.58,0.2174,1,0.0393,0.0157,339,netbanking,0.9248,normal,legitimate
aa233bb0-6746-2999-29d8-506f18b0ad75,2026-08-03T21:14:18.332044Z,232.02,0.1409,0,0.1235,0.064,689,UPI,0.9071,normal,legitimate
5d264d4c-c816-db44-1432-f91a533fb479,2026-08-21T17:20:05.879877Z,616.22,0.2336,0,0.1925,0.0244,786,card,0.9967,normal,legitimate
dd5e6ce0-fa92-b4ca-38a7-4a6790590797,2026-07-30T15:53:43.787679Z,1269.72,0.1673,0,0.1775,0.0104,309,UPI,0.9634,normal,legitimate
6afce803-8c46-b7d7-e05e-083a32a9e92e,2026-08-19T05:44:27.529663Z,5635.82,0.8568,5,0.8922,0.8242,74,netbanking,0.0544,fraud,fraud
3d79a3d4-bb2f-f8be-eb00-0cf7b1a79468,2026-08-01T04:03:28.242504Z,1038.14,0.1924,0,0.0525,0.0012,758,netbanking,0.9947,normal,legitimate
a5c324b4-b485-c81e-3c37-6b8aa3ca7e11,2026-08-17T04:54:28.115523Z,303.84,0.0246,0,0.1361,0.1007,710,UPI,0.8827,normal,legitimate
3c870c0b-2e93-9b52-94f4-21e44f501c0b,2026-07-29T17:37:10.608773Z,1171.3,0.2216,0,0.2001,0.0735,419,UPI,0.8989,normal,legitimate
b0ca3fe2-08b6-ac84-622c-81ed13f4e698,2026-08-05T05:14:05.225065Z,135.44,0.1351,0,0.206,0.0798,341,UPI,0.9526,normal,legitimate
da49bf9b-fedb-e46f-fd72-b7de59424e4a,2026-07-28T20:08:38.191331Z,2041.67,0.242,4,0.1339,0.0771,1177,UPI,0.8537,legitimate_but_unusual,legitimate
47b006d8-923d-1e05-d93c-b2ebc35108c5,2026-08-09T09:33:04.696193Z,10127.31,0.8632,5,0.77,0.9318,89,card,0.1261,fraud,fraud
62dc0f4b-8b91-399a-185c-2354b37bbf8d,2026-07-29T06:32:53.588077Z,63.79,0.1574,0,0.1601,0.0101,177,UPI,0.8985,normal,legitimate
554a95ce-bd59-c7c2-d198-ac754dfefe8b,2026-08-23T06:52:42.129057Z,774.56,0.1074,2,0.0223,0.0012,71,UPI,0.8928,normal,legitimate
a532cfa9-fd28-7beb-accb-16fb98d68849,2026-07-24T18:20:09.128635Z,1128.53,0.16,3,0.722,0.1925,412,UPI,0.7443,borderline,fraud
1b74bdcd-6bb6-eb37-2b0e-c32f5365a06a,2026-07-25T18:16:26.321714Z,1783.36,0.2407,1,0.2392,0.0866,566,UPI,0.9296,normal,legitimate
8ae1734f-3f74-fefb-cc4e-8974d0ea4a26,2026-08-06T14:29:42.361261Z,440.82,0.2278,0,0.1776,0.0838,677,card,0.9673,normal,legitimate
0689e990-2709-6d01-3a0d-3f7ffbcb40fe,2026-07-25T10:55:21.036620Z,580.53,0.0244,0,0.2482,0.3724,777,card,0.768,merchant_anomaly,legitimate
bd49dafc-bcf3-66b6-4f68-d37c100c486b,2026-08-22T21:19:01.602302Z,1000.0,0.7643,4,0.9,0.4912,33,netbanking,0.2226,fraud,fraud
aa179a47-21ad-c739-bb0d-3552d2f113b0,2026-08-10T21:34:03.290402Z,85000.0,0.9175,4,0.8247,0.7814,36,UPI,0.1422,fraud,fraud
471fc823-0aef-f3d3-68a3-96cbe4e420c0,2026-08-01T05:50:31.880794Z,5663.45,0.193,1,0.2247,0.0027,758,UPI,0.9576,normal,legitimate
8e2ea138-3aee-73b1-99cf-d7fce861350d,2026-08-04T04:43:41.499445Z,207.15,0.0446,1,0.1567,0.0412,1059,UPI,0.8669,normal,legitimate
ec8bf241-aed9-5fd4-d602-3d0fb00e620a,2026-08-18T06:57:27.371378Z,58.37,0.2264,0,0.0851,0.0011,158,wallet,0.9853,normal,legitimate
22d43295-0a03-8d44-3ffe-d4feed7106ca,2026-08-17T11:17:37.839803Z,1846.8,0.0189,0,0.1526,0.0277,188,UPI,0.9451,normal,legitimate
3a27d567-8967-a0d9-fe5a-a1551d187a52,2026-08-02T15:33:45.037505Z,444.72,0.8431,1,0.1488,0.151,225,UPI,0.6112,borderline,legitimate
7049e8fb-1c63-9416-4cf0-d4493a505c9b,2026-08-19T06:42:24.483955Z,4072.81,0.0589,0,0.172,0.0251,895,UPI,0.9846,normal,legitimate
3d313e83-697a-9465-6a15-224b35ff5c0b,2026-08-18T02:04:52.377183Z,129.59,0.1395,1,0.2366,0.0853,1114,wallet,0.9383,normal,legitimate
c2a75699-ab1e-067d-a03f-6c1df41bd1bc,2026-08-17T12:46:15.967166Z,382.36,0.149,0,0.0187,0.0085,1034,UPI,0.9279,normal,legitimate
353e463c-2405-88fd-b7e6-6eee9e4769d3,2026-07-28T16:10:29.036927Z,634.1,0.9465,3,0.1612,0.0874,86,UPI,0.5108,borderline,legitimate
92b2e047-03de-6e92-2292-3906bff4bfc4,2026-07-26T22:29:17.475894Z,243.8,0.0233,0,0.1143,0.01,734,UPI,0.897,normal,legitimate
cdbb11fb-da0e-bb74-5170-57685b528671,2026-08-20T01:41:55.204417Z,1641.25,0.0179,1,0.0502,0.12,620,UPI,0.9386,normal,legitimate
d7bb72c4-6fe1-869b-916a-e023fbacafb3,2026-08-17T23:11:48.362108Z,1756.18,0.1282,0,0.1862,0.8775,624,UPI,0.7558,merchant_anomaly,legitimate
0f70cfe2-ece1-436d-a935-a99d6b246de0,2026-08-04T11:02:34.992681Z,706.36,0.001,0,0.1538,0.0297,174,UPI,0.8953,normal,legitimate
ddd3aedc-73c9-0c0e-a663-34d8e24b8474,2026-08-04T06:57:28.447644Z,2923.8,0.1362,0,0.0539,0.1003,134,card,0.9546,normal,legitimate
c5002fa2-d55b-1966-8a87-2889fead01d1,2026-07-26T06:02:09.512196Z,318.88,0.1236,1,0.062,0.0353,703,card,0.9823,normal,legitimate
e755dffa-0143-2c1d-75e9-149a0c836b7c,2026-08-13T08:30:45.703063Z,266.32,0.0582,0,0.025,0.0082,237,card,0.8637,normal,legitimate
a861351d-a018-a405-b11c-b826747252b8,2026-08-15T01:48:21.314195Z,1323.23,0.1254,0,0.1319,0.12,1015,UPI,0.9093,normal,legitimate
252ad426-b87d-9dc0-6004-cd4ffcabfcb4,2026-08-01T15:05:07.961195Z,584.06,0.1613,0,0.0358,0.0527,949,netbanking,0.8812,normal,legitimate
7c32a6a6-a60e-d1bf-556c-a18b4bf2634a,2026-08-15T10:43:12.717136Z,78.6,0.1749,1,0.2072,0.0176,687,UPI,0.9465,normal,legitimate
20eb09a1-da50-e9a8-37d2-2285f1e65442,2026-08-12T17:16:06.383327Z,375.1,0.1583,3,0.9309,0.1164,288,card,0.7058,borderline,fraud
5c3d700a-0267-bddb-93c2-4497fb0a7253,2026-07-26T06:48:35.680174Z,339.42,0.0361,0,0.1801,0.0623,460,UPI,0.9043,normal,legitimate
84c78d95-cdaf-15aa-b189-42a26227c381,2026-08-11T04:01:41.640231Z,1066.62,0.1867,3,0.7449,0.0337,581,UPI,0.5239,borderline,fraud
19d55aa5-3fbd-889b-e186-1e92baed8d3e,2026-07-31T13:59:58.676307Z,195.79,0.2231,0,0.071,0.0039,811,UPI,0.8898,normal,legitimate
ebf51ad5-9dfd-44f0-25db-5b3681093300,2026-07-24T17:49:32.528932Z,1890.19,0.2174,0,0.0009,0.0338,710,UPI,0.9191,normal,legitimate
30b1cf3c-df22-b28b-f06d-8d5f2279c571,2026-08-09T17:35:56.396919Z,672.76,0.0183,0,0.1028,0.0119,469,netbanking,0.9923,normal,legitimate
f1c15023-1842-4b33-e94c-ee380ff8c84e,2026-08-23T03:28:38.283574Z,500.0,0.781,4,0.7954,0.2408,35,card,0.568,suspicious,fraud
948878cc-a34e-0f20-8b62-f64a5a176e79,2026-08-13T08:16:36.119581Z,909.49,0.1271,0,0.1388,0.0126,45,UPI,0.9237,normal,legitimate
f5c8e904-e592-53ca-4e1e-834294aa0795,2026-08-12T07:05:42.075968Z,340.18,0.2422,1,0.0953,0.0072,253,UPI,0.9026,normal,legitimate
7c8d722e-92a3-5ee0-2336-42951cc596a4,2026-08-02T23:57:19.086918Z,998.31,0.2376,0,0.1176,0.0447,599,card,0.9755,normal,legitimate
e1019155-c8b8-929f-9980-5ac5c19d6779,2026-08-03T20:19:02.953279Z,470.1,0.1047,0,0.0681,0.0782,245,UPI,0.926,normal,legitimate
23018d0e-660e-c9a3-23b1-c3b76a06f6a4,2026-08-08T19:16:09.553762Z,4911.32,0.9372,4,0.7805,0.1605,39,UPI,0.577,suspicious,legitimate
32dec3dc-50a8-98b2-84c8-13f31c93e5cb,2026-07-30T21:25:45.697893Z,864.45,0.2292,0,0.0217,0.015,425,UPI,0.9892,normal,legitimate
e638b19d-da36-6f9d-9a63-2230412c19b0,2026-08-13T18:28:03.365006Z,274.97,0.0361,1,0.1628,0.0217,872,card,0.95,normal,legitimate
f34d571f-1886-b8a5-907b-e2918b928c46,2026-08-11T17:11:13.276367Z,1422.65,0.0243,1,0.1111,0.3686,639,card,0.7534,merchant_anomaly,fraud
5faac7fd-d323-a5a6-b131-638b4aed03a5,2026-08-22T18:50:07.748875Z,263.21,0.1651,0,0.2465,0.0063,448,card,0.9834,normal,legitimate
3777fd34-b016-4397-8c1a-3e84bc527989,2026-08-17T21:49:57.281972Z,675.68,0.1698,0,0.0364,0.0158,511,UPI,0.9083,normal,legitimate
6b02b234-fa44-378a-bcc3-a61c9387c008,2026-08-08T15:05:34.553228Z,131.74,0.1108,0,0.0728,0.0217,278,UPI,0.9075,normal,legitimate
cf1d9ab0-842a-7644-8e61-1c4f94c155ae,2026-08-17T15:41:15.645361Z,1993.73,0.7504,0,0.1796,0.134,349,UPI,0.8686,borderline,fraud
c46c4842-04f3-fc6a-6454-96eba86bf610,2026-08-14T13:14:46.861635Z,3100.58,0.1912,3,0.74,0.0342,368,UPI,0.6617,borderline,fraud
a4f98cb3-e13d-5554-ee63-6d3530e0ecaf,2026-08-02T14:42:08.535944Z,5586.58,0.7273,1,0.8131,0.0581,310,UPI,0.8987,borderline,fraud
47f432fe-b0b1-1787-b0fe-c85d5b752e02,2026-07-29T10:30:59.890007Z,578.38,0.1644,3,0.0996,0.0451,62,card,0.7169,borderline,legitimate
f6fff4e5-b47b-5581-ef53-ac7247d0b207,2026-08-21T00:50:24.451580Z,9062.27,0.8086,3,0.873,0.0405,194,card,0.7271,suspicious,fraud
f86a22b1-11f6-9014-917d-dde37c80db30,2026-07-25T15:30:05.978744Z,1038.33,0.7432,3,0.7527,0.0538,15,wallet,0.7192,suspicious,legitimate
24e9d54d-b2e0-b64c-9f7a-98f0ac3d88b0,2026-08-05T22:45:52.537331Z,1512.37,0.8573,0,0.8944,0.1853,335,UPI,0.538,borderline,fraud
703d816e-eb5a-8090-521a-a920293ef760,2026-07-31T13:03:11.123360Z,228.86,0.1684,0,0.0537,0.0632,679,netbanking,0.9687,normal,legitimate
ee4cc7cc-e40c-c791-421a-b52d329c30e3,2026-08-02T18:52:44.945961Z,204.26,0.1069,0,0.0605,0.0471,170,netbanking,0.8897,normal,legitimate
77151d0b-aca6-c886-6935-16a22efabf1c,2026-08-10T09:41:18.140482Z,422.81,0.0523,0,0.0685,0.0212,1073,UPI,0.9244,normal,legitimate
7b70283a-00d8-e2fd-c753-48d6f68e9a12,2026-08-16T12:23:50.367172Z,513.54,0.0879,0,0.0466,0.0833,340,UPI,0.9061,normal,legitimate
3009c08d-8c07-4288-a12a-ad8a6c21182b,2026-08-19T09:03:07.797112Z,595.46,0.1206,1,0.1105,0.0089,362,UPI,0.9559,normal,legitimate
9e1d7a38-01ab-2325-8f9e-5a88ff110fc3,2026-08-03T07:45:41.731500Z,2258.18,0.0129,1,0.9599,0.0793,357,UPI,0.7353,borderline,legitimate
17cb1012-4fe1-a2f1-f696-75a40179baf1,2026-07-28T08:43:17.256223Z,707.62,0.0365,1,0.0432,0.0019,389,card,0.858,normal,legitimate
29eb550c-90b3-d41a-6444-2c5cf555a27f,2026-08-21T17:42:25.754091Z,761.2,0.0526,0,0.1785,0.0016,485,card,0.8744,normal,legitimate
9bc8d995-6e45-3ddd-ce06-47de8547e28e,2026-08-08T14:55:06.470870Z,471.1,0.0956,0,0.0339,0.0368,1140,netbanking,0.9315,normal,legitimate
c2871883-fe75-3bcf-92a0-fb39932c4259,2026-07-26T07:34:01.756711Z,999.2,0.1252,0,0.0229,0.0522,720,netbanking,0.9103,normal,legitimate
83e1a6e3-0370-90ab-a4f2-85187e06aa74,2026-08-03T18:19:00.120437Z,52320.78,0.6632,1,0.0369,0.0798,1043,card,0.9016,legitimate_but_unusual,legitimate
c9a330bc-f2c9-cfd7-adf4-f06096b6d72c,2026-08-21T03:25:24.106965Z,3732.49,0.0603,6,0.2249,0.0388,232,wallet,0.847,legitimate_but_unusual,legitimate
ddf6528d-88b3-dd5c-e1fc-a56f34f46edc,2026-08-03T05:14:12.299632Z,1597.55,0.1226,0,0.0161,0.0136,323,UPI,0.9393,normal,legitimate
e5a7cf30-80a4-e2be-e2bd-54d1ba02c7d2,2026-08-15T10:46:27.934713Z,1588.94,0.8443,4,0.9931,0.3803,9,UPI,0.0753,fraud,fraud
2384923a-0cda-5ef1-9ff4-b413463f4f99,2026-07-25T17:03:04.266314Z,454.83,0.0315,0,0.2362,0.1108,1135,UPI,0.8848,normal,legitimate
0c88106e-068d-e61f-1fb3-e31816dcee7a,2026-08-12T17:23:40.937373Z,1203.45,0.7987,4,0.7292,0.0585,64,UPI,0.419,suspicious,legitimate
206b7e16-e8b6-ede1-ccaf-c2599d471f15,2026-08-06T21:37:19.226080Z,695.6,0.1851,0,0.0642,0.0399,487,UPI,0.9298,normal,legitimate
ff55967c-e32e-2f9b-41aa-98df4e690499,2026-08-07T21:41:32.231933Z,848.66,0.0911,2,0.1908,0.0099,754,card,0.9872,normal,legitimate
ef35d05f-6ca5-f6dc-4067-e25e55455fe1,2026-07-29T11:08:37.735952Z,2089.86,0.1115,0,0.045,0.052,229,wallet,0.8937,normal,legitimate
253817f9-e5b8-98fa-6c0d-a26432229b7c,2026-07-26T20:25:12.727110Z,291.58,0.2364,0,0.172,0.0549,829,netbanking,0.8591,normal,legitimate
88386692-59b2-47f3-8f0d-789644a3f333,2026-08-14T09:24:18.004972Z,199.89,0.1849,0,0.1445,0.0216,964,UPI,0.8773,normal,legitimate
e2d9ac71-8c93-8826-6ee4-50a061fb16d1,2026-08-19T13:12:17.697182Z,4348.36,0.169,0,0.0119,0.0209,1175,card,0.8903,normal,legitimate
6b239b0e-6992-6a0b-9d69-3d4855254a09,2026-08-14T17:16:45.077447Z,371.64,0.1454,0,0.0056,0.0074,200,UPI,0.8644,normal,legitimate
de9ce65f-89ff-ea03-f95a-38a092aef5ee,2026-07-28T04:40:44.604221Z,239.78,0.007,0,0.2153,0.0125,658,UPI,0.9829,normal,legitimate
2485d0c7-43d6-534d-31b0-5946979a61bb,2026-08-10T12:14:48.868846Z,1095.15,0.1325,0,0.102,0.0058,1038,UPI,0.9104,normal,legitimate
9db9d2c2-c6ad-b704-4972-908ae854a76e,2026-08-05T20:46:36.090150Z,1032.52,0.0364,0,0.1469,0.0272,1182,UPI,0.9276,normal,legitimate
4a1ca975-d526-0559-f3d7-78496df9b8f8,2026-08-23T13:03:35.503855Z,940.94,0.9185,5,0.8266,0.1609,15,UPI,0.6606,suspicious,fraud
082bfb4d-595d-1604-340a-011981db1b3b,2026-07-24T22:42:51.278684Z,506.48,0.1376,0,0.1902,0.062,930,card,0.9661,normal,legitimate
db79d915-3e54-fa88-bc26-33ff67f5382f,2026-08-02T09:12:52.068375Z,209.33,0.0248,0,0.0181,0.116,998,card,0.9995,normal,legitimate
639bd61f-8d91-e7f2-897c-e469a2420b08,2026-08-22T04:01:36.524071Z,472.27,0.0117,0,0.171,0.085,347,card,0.9855,normal,legitimate
a5d09483-e0dd-6e73-d77b-9dc84ea514e9,2026-07-30T19:25:46.106645Z,243.8,0.1215,0,0.1464,0.0338,420,card,0.9668,normal,legitimate
0e8df2f4-3260-c1e0-e8c1-dfa4c578b9e6,2026-07-27T07:10:27.575484Z,922.41,0.2428,5,0.1888,0.1318,274,UPI,0.5082,borderline,legitimate
ac515b09-dca5-b260-1d61-d9788f1c29d6,2026-08-02T11:31:23.292438Z,659.13,0.18,0,0.0979,0.0021,742,card,0.8682,normal,legitimate
227492c2-690a-2628-db9b-de71479352dd,2026-08-15T00:42:24.104476Z,1426.29,0.8583,3,0.9249,0.3169,61,UPI,0.3986,suspicious,fraud
a0e34ef7-17ce-4747-6b5f-d3c20a822d21,2026-08-21T15:32:55.859063Z,218.54,0.1538,1,0.0424,0.0718,580,UPI,0.9465,normal,legitimate
5c987b12-b53f-1c6b-bed7-d807ceb41d34,2026-08-07T15:00:34.988575Z,1539.03,0.1596,0,0.033,0.0541,463,card,0.901,normal,legitimate
342428d4-1753-3596-992f-545bd8f81af7,2026-07-25T03:47:03.497848Z,1046.91,0.1456,0,0.1469,0.0035,1060,UPI,0.9726,normal,legitimate
9cc95ab0-1d74-0018-2617-92df6b98c193,2026-08-13T17:14:00.171000Z,1156.45,0.0471,0,0.1685,0.0151,83,UPI,0.8658,normal,legitimate
04923ede-eee5-9df6-55b0-592daec45b41,2026-08-09T00:45:07.242975Z,360.47,0.1364,0,0.1644,0.12,769,UPI,0.8587,normal,legitimate
8072d56f-170b-bcc7-380d-c1ba63aacc01,2026-08-14T14:26:24.998654Z,628.91,0.1872,0,0.0945,0.12,176,UPI,0.935,normal,legitimate
ea90d559-4a5f-b1b4-911a-f81dee92f9f7,2026-07-29T09:27:47.132662Z,391.23,0.0175,0,0.0583,0.0263,204,UPI,0.8725,normal,legitimate
f8637033-3671-a42b-cf00-2c89698ad368,2026-08-11T01:42:24.339237Z,173.44,0.099,0,0.1006,0.0374,561,card,0.9786,normal,legitimate
21383b96-6e32-c88e-071f-d5bea72f2796,2026-07-31T12:39:43.754080Z,157.15,0.1942,0,0.101,0.0302,1086,card,0.9333,normal,legitimate
88fe84e3-c244-5c0b-9893-a5f4e15a29da,2026-08-05T08:45:58.086560Z,548.48,0.0387,0,0.0661,0.0655,331,UPI,0.9991,normal,legitimate
3fe92c03-a01a-3291-772d-017833fba848,2026-08-17T05:02:07.230546Z,567.08,0.1772,2,0.019,0.0071,579,netbanking,0.9764,normal,legitimate
3f42c32a-75db-f75b-d317-e92a1ba51d61,2026-08-08T13:58:13.707173Z,697.12,0.1957,2,0.1441,0.0439,153,UPI,0.947,normal,legitimate
5fbefa72-5523-4503-d362-ba556f05d7b9,2026-07-26T19:01:41.926497Z,2231.01,0.1199,3,0.045,0.0685,252,card,0.6726,borderline,fraud
bb8c4872-6b6d-ed39-61a7-62cc1f875d62,2026-08-18T16:43:34.075337Z,234.8,0.1376,0,0.1978,0.0183,800,netbanking,0.8681,normal,legitimate
f749bf2b-e5b7-0fb9-b233-2cab3dfa23d2,2026-07-31T19:52:49.627757Z,4952.7,0.0586,0,0.1047,0.0251,821,UPI,0.9783,normal,legitimate
3eff6f10-d5fa-c9a6-f513-fc94f4d96f53,2026-08-06T14:10:46.598504Z,183.16,0.0976,1,0.1064,0.0661,1191,UPI,0.9399,normal,legitimate
bb098720-646a-9f53-e0bb-b1850739efd3,2026-07-27T14:42:15.252872Z,268.45,0.245,0,0.0934,0.0542,945,UPI,0.9524,normal,legitimate
9af7bbd7-a116-d6dd-ab91-3750c3156292,2026-08-21T11:53:12.705079Z,550.64,0.1208,0,0.1387,0.0064,970,UPI,0.9219,normal,legitimate
881437f0-a1ff-7a34-4b4a-652ee21f1561,2026-08-01T04:13:59.189553Z,36.39,0.1001,0,0.0049,0.0683,1175,card,0.9907,normal,legitimate
7ba41e52-ba50-1982-45ad-bf2fcfc920b2,2026-07-26T06:44:30.020732Z,1768.48,0.0529,0,0.233,0.0486,567,UPI,0.9637,normal,legitimate
88d1d185-ce00-eeb5-0e54-736d5957631c,2026-07-25T13:21:33.412154Z,510.73,0.1564,0,0.0294,0.0458,1024,UPI,0.8505,normal,legitimate
4a40b504-45db-94d2-917c-0fea7fe89787,2026-08-03T09:15:16.668942Z,320.22,0.0267,0,0.1623,0.0411,529,card,0.9313,normal,legitimate
5b6e6070-3994-79be-b6b7-151459653840,2026-07-27T16:28:21.225718Z,512.3,0.0957,1,0.1699,0.12,490,card,0.9939,normal,legitimate
236082f6-53d4-ad6c-c3a5-c97b752f4816,2026-08-10T07:16:57.943533Z,2723.75,0.2339,0,0.008,0.0313,70,UPI,0.8858,normal,legitimate
db41f41f-041e-c80e-d063-51cbb70446ae,2026-08-19T19:19:54.036407Z,1588.71,0.242,0,0.0054,0.0522,1018,card,0.978,normal,legitimate
aad53157-eeab-c862-deb5-5b12da2daeca,2026-08-18T21:11:41.426906Z,274.91,0.0143,0,0.0048,0.0005,826,UPI,0.9583,normal,legitimate
41784698-cbdf-1de2-da72-f8c637a26717,2026-07-25T05:59:55.897636Z,757.97,0.8196,4,0.9722,0.3072,197,card,0.3104,suspicious,fraud
25c757ad-3f22-ded8-4459-149b8735f587,2026-08-18T22:09:34.036362Z,617.19,0.0548,1,0.0427,0.0042,967,wallet,0.9389,normal,legitimate
54481158-141b-3453-f545-adc22176aa88,2026-08-02T17:40:50.666046Z,1480.07,0.9497,1,0.723,0.0204,144,card,0.8119,borderline,legitimate
2edf642f-0b50-3216-3d05-ba8a4fae4af5,2026-08-04T02:22:29.224870Z,629.41,0.0881,0,0.0913,0.0932,597,UPI,0.8809,normal,legitimate
98c481ba-699c-f757-281a-6b9ca372501d,2026-07-26T06:28:54.981816Z,5280.84,0.7662,10,0.93,0.4658,44,UPI,0.2579,fraud,fraud
daedb2f0-5303-0bcd-9746-52938be75aad,2026-07-28T10:23:40.634793Z,77.96,0.0588,0,0.0154,0.005,221,UPI,0.9573,normal,legitimate
97df8149-fbc9-4e5b-db81-f8ca2855eac1,2026-08-15T17:18:01.883574Z,495.26,0.2241,0,0.179,0.0346,20,netbanking,0.9439,normal,legitimate
c6cbb9de-8b71-7ce8-ef5e-4777ceb04c93,2026-08-22T19:32:17.490204Z,2134.24,0.8673,5,0.1272,0.0936,411,card,0.6185,borderline,legitimate
f3c9e18d-a34b-2f86-55ba-5601e9a819d9,2026-08-13T19:01:28.922095Z,263.35,0.0835,2,0.0281,0.12,194,UPI,0.9062,normal,legitimate
89f31d01-ae18-9d23-1670-bd2ad44e1541,2026-08-21T14:41:56.263922Z,922.72,0.0948,1,0.0538,0.0057,915,card,0.9937,normal,legitimate
e46f8fb0-836b-edbe-c982-a17a53f89f15,2026-08-01T02:24:16.073024Z,688.43,0.1768,1,0.9137,0.0698,479,card,0.6959,borderline,legitimate
bd7366c4-f0c7-aa16-dcf1-e4663df19f09,2026-08-04T17:04:39.093145Z,1028.88,0.0378,0,0.0309,0.0456,348,card,0.9413,normal,legitimate
e0c0f281-13b2-7abc-7090-0e3e8b98a387,2026-07-31T23:35:39.132168Z,1477.69,0.0846,0,0.0374,0.0088,288,UPI,0.9486,normal,legitimate
c97aec8b-2da9-282e-8c07-cd6edeac6675,2026-08-23T07:02:21.331433Z,771.69,0.1177,0,0.0528,0.0022,960,UPI,0.8947,normal,legitimate
b90e085e-627b-6cd1-4f67-dffb2f4e4db5,2026-07-24T18:19:06.538959Z,3516.25,0.2368,0,0.0051,0.6694,803,netbanking,0.9897,merchant_anomaly,legitimate
af5743ea-ed08-9fe5-6794-7488d1342b85,2026-08-15T17:59:02.427129Z,69.98,0.0222,0,0.1121,0.0281,756,UPI,0.8903,normal,legitimate
701a764f-4ee7-e225-1c4a-969b41818786,2026-08-02T17:05:24.497270Z,1636.44,0.1896,0,0.1297,0.5332,275,netbanking,0.8319,merchant_anomaly,fraud
1096e217-e705-c82d-d248-fe6fe740418d,2026-08-01T01:39:20.654863Z,4633.71,0.8278,5,0.7295,0.0738,8,UPI,0.6396,suspicious,fraud
8ae3a905-20ac-4ed2-851e-d8526e7b305f,2026-08-06T03:03:51.290918Z,208.03,0.1006,0,0.1313,0.12,125,UPI,0.9333,normal,legitimate
bb9cdb0c-4199-2b25-c1b1-a912d9c5c9b5,2026-08-20T19:38:37.427986Z,1183.48,0.0515,2,0.006,0.0076,128,UPI,0.9232,normal,legitimate
b85fa20b-ca1b-4eea-0b34-ed4749856df5,2026-07-29T21:21:56.896536Z,245.6,0.0042,0,0.0663,0.0049,430,UPI,0.8514,normal,legitimate
e7b994b6-35f3-d877-b5c5-ff3240d44494,2026-08-21T23:57:22.511837Z,329.21,0.0793,1,0.1716,0.12,938,UPI,0.8942,normal,legitimate
188f27b8-9367-add2-a1f3-e7e3995eb235,2026-08-16T03:46:37.931024Z,585.26,0.1861,0,0.2273,0.0009,207,UPI,0.8583,normal,legitimate
e58690b8-853b-3dc3-11e6-71e79216c6d8,2026-08-07T12:02:29.436143Z,666.45,0.8374,3,0.8171,0.1743,34,card,0.6752,suspicious,legitimate
d9f1459e-1b70-8cc2-d61f-715e4d080188,2026-07-31T07:29:28.708675Z,466.5,0.1776,0,0.166,0.0594,468,UPI,0.8856,normal,legitimate
1f33915f-0993-b545-c985-4f45d2ffbde5,2026-08-02T16:06:36.907420Z,560.85,0.0589,1,0.0105,0.0082,714,wallet,0.8595,normal,legitimate
8838e8d3-7fee-ffed-343a-f166578b98b7,2026-08-07T18:53:24.049472Z,1380.63,0.0616,5,0.2346,0.0494,1441,UPI,0.9708,legitimate_but_unusual,legitimate
8c617ad2-63b4-716a-1e68-b0d9813b3bb8,2026-08-21T21:27:54.528590Z,3587.56,0.1745,1,0.0465,0.0035,563,UPI,0.961,normal,legitimate
3ccea20f-5011-aa00-1974-e14623fb48de,2026-07-31T05:17:30.701188Z,992.49,0.0551,1,0.0169,0.0972,967,UPI,0.9384,normal,legitimate
4dfa88c6-7295-ccb6-aebc-0a74f1eb1387,2026-08-02T12:02:57.728477Z,966.58,0.1558,0,0.0858,0.0362,132,UPI,0.858,normal,legitimate
5628423f-0bae-79a6-8ceb-d7281806b27a,2026-08-07T10:26:08.244764Z,620.51,0.0301,0,0.2306,0.0033,370,card,0.8888,normal,legitimate
b22e7276-7c1e-c59f-a519-274d60172f8a,2026-08-01T09:22:13.261978Z,1281.69,0.1978,0,0.0637,0.0308,488,UPI,0.9962,normal,legitimate
c571bf14-24a0-4df6-3bed-5d38af26061c,2026-08-05T10:35:12.145597Z,299.78,0.1019,1,0.148,0.0316,1020,netbanking,0.9668,normal,legitimate
0385dca2-93c2-047f-ef76-20c92ef4a12d,2026-08-14T08:29:42.361552Z,1300.67,0.1422,0,0.0745,0.0099,228,netbanking,0.8571,normal,legitimate
a00f5075-bc13-abcf-b28a-ad8baa6d15d2,2026-07-28T11:39:29.096197Z,2075.99,0.1013,0,0.1921,0.0424,335,UPI,0.952,normal,legitimate
d5ace365-3af4-fe26-83e2-8b4d67b242e6,2026-08-22T16:20:49.553695Z,1035.77,0.2384,0,0.2427,0.0117,1176,UPI,0.9304,normal,legitimate
4e225bc5-1a44-2574-adb6-43d8314ec587,2026-08-06T11:34:10.150469Z,1456.15,0.1768,0,0.2179,0.0571,866,UPI,0.9994,normal,legitimate
5b913966-72da-62f9-67bc-042775722005,2026-08-11T02:48:11.574091Z,1683.66,0.1905,1,0.2116,0.0046,879,UPI,0.8532,normal,legitimate
6741a151-4a3c-c0e3-2ffa-0a959fba2603,2026-08-18T17:28:17.695171Z,149.65,0.0996,0,0.1847,0.0841,749,netbanking,0.9381,normal,legitimate
d068e8be-cdf7-d202-0dc4-d5337836e2bf,2026-08-13T19:16:32.987514Z,1638.3,0.1464,0,0.2191,0.0712,369,netbanking,0.8744,normal,legitimate
eeeeaee0-6947-0511-9008-84a4e8aff284,2026-07-29T02:37:55.897369Z,1531.8,0.8609,4,0.7371,0.1065,29,UPI,0.5401,suspicious,fraud
b6b05c94-fb29-68f8-c578-625da97648a4,2026-08-18T03:01:41.967959Z,13322.93,0.9133,5,0.8158,0.4003,35,UPI,0.3055,fraud,fraud
156b6df1-f32f-1746-9d09-9e3dd337a6ed,2026-08-13T10:26:14.825413Z,612.48,0.1981,0,0.1541,0.0161,861,UPI,0.946,normal,legitimate
6b679275-c849-6650-d4aa-985bd73e1b41,2026-08-16T07:04:28.713299Z,191.77,0.0158,0,0.0517,0.0579,1076,card,0.996,normal,legitimate
67b18f2e-83eb-4db2-b7a6-7d5818a16269,2026-07-31T00:44:13.555198Z,1121.41,0.2287,0,0.2407,0.008,370,UPI,0.8559,normal,legitimate
836b878f-778f-840d-fd2a-7e9a17aa917c,2026-08-13T23:40:50.007079Z,999.73,0.1743,0,0.1328,0.0308,573,UPI,0.9104,normal,legitimate
ed5f01e5-d6be-9778-7f50-c3ccdf929e2e,2026-08-03T07:31:01.746095Z,468.28,0.0833,0,0.2043,0.0135,987,card,0.997,normal,legitimate
ded30800-f0e4-6430-f95b-d9825cc773c8,2026-08-21T09:31:10.750001Z,1735.0,0.0094,0,0.1789,0.0095,1060,UPI,0.8871,normal,legitimate
789dd19c-269e-8127-1bb6-aadf0243fe2b,2026-08-18T09:48:16.381111Z,2157.58,0.1842,0,0.1795,0.0034,1105,UPI,0.9523,normal,legitimate
bf55a723-f3dd-ae2a-0e3c-45cb6ed6ede0,2026-08-01T13:09:26.688056Z,535.93,0.0375,0,0.0577,0.0014,962,UPI,0.9003,normal,legitimate
a6642f46-6c9a-cac5-edd3-54142330d043,2026-08-10T21:13:32.617839Z,375.74,0.1102,0,0.1696,0.0595,890,card,0.9709,normal,legitimate
575b6abd-0df1-f406-9910-07eb65ba5bf7,2026-08-16T23:28:15.731354Z,1921.84,0.0947,0,0.1392,0.0124,729,card,0.9251,normal,legitimate
51d1798c-c12e-517c-350b-20b1a2eccb72,2026-07-26T15:41:07.680053Z,727.92,0.0664,0,0.1833,0.0727,412,UPI,0.9142,normal,legitimate
d617e4d9-a0c4-ba44-ffcc-2151424d3b7c,2026-07-27T02:09:32.842828Z,254.92,0.0493,0,0.111,0.0316,15,UPI,0.8661,normal,legitimate
c086ebeb-105e-49f5-5912-2272723df496,2026-08-19T10:02:21.656932Z,991.87,0.2231,0,0.2147,0.5459,748,UPI,0.7511,merchant_anomaly,legitimate
4820b714-8e31-9152-94b5-2967a25edc05,2026-08-11T13:29:51.085033Z,167.87,0.0315,0,0.1241,0.0023,979,card,0.8927,normal,legitimate
104b9ec2-08cb-df1d-cac7-7b988e6b2179,2026-08-01T02:38:34.774431Z,221.14,0.1556,1,0.2137,0.0246,387,UPI,0.9298,normal,legitimate
654b90d0-aac8-7a19-0547-6d73d0237c34,2026-07-31T07:06:58.499069Z,25000.0,0.8416,4,0.2491,0.1198,380,UPI,0.8917,borderline,legitimate
8e4badbb-e0de-5c3c-626b-ae2119f3a7c6,2026-08-08T01:53:24.797709Z,367.39,0.1905,0,0.0827,0.0267,1113,card,0.9145,normal,legitimate
4ca7e02c-dcbd-8ca2-1e29-a4b02e0d3dc1,2026-08-11T01:33:15.852701Z,569.5,0.2141,0,0.0161,0.0756,72,UPI,0.974,normal,legitimate
b0e7a427-e2bb-8206-962c-48133690b2fb,2026-08-11T10:21:11.114345Z,3843.7,0.2329,1,0.8094,0.1269,308,wallet,0.8419,borderline,legitimate
7a2b2aac-d455-7536-e39d-9bc034ce39f2,2026-07-29T06:39:47.647881Z,131.88,0.104,1,0.2194,0.0362,74,UPI,0.9048,normal,legitimate
021d6280-6759-eec2-5668-683faba19c14,2026-08-10T11:50:03.349454Z,2402.84,0.7795,3,0.7531,0.1663,137,UPI,0.4593,suspicious,legitimate
cb63d7e3-7257-f9e2-d6d9-86568ee41107,2026-07-27T09:58:53.782736Z,139.09,0.2227,1,0.1465,0.018,1030,UPI,0.997,normal,legitimate
6871d1ac-1276-d46c-41c3-6c4e6f70eacd,2026-08-03T11:45:57.716070Z,2378.6,0.1967,0,0.0041,0.8197,111,UPI,0.9092,merchant_anomaly,legitimate
75108c1c-3528-32c8-8986-0f8434da368b,2026-08-22T03:01:28.988432Z,435.58,0.0775,1,0.1595,0.0039,468,UPI,0.9906,normal,legitimate
79323e2e-b24f-4176-cab6-babe0a0c55e2,2026-08-05T23:32:26.600381Z,1000.0,0.9257,5,0.9436,0.4276,76,UPI,0.1824,fraud,fraud
9b5857df-9511-7372-7f5b-90c0d54ac187,2026-07-26T08:06:18.251292Z,184.41,0.8738,1,0.9303,0.0532,431,netbanking,0.6789,borderline,fraud
a2c9874b-ea08-e872-4087-6a7c36bd9a15,2026-08-18T13:18:06.294801Z,3068.59,0.1205,0,0.1369,0.0605,280,UPI,0.8518,normal,legitimate
45a6ebf5-a86e-e01b-0fb9-69324332f4a2,2026-08-23T10:51:15.835821Z,815.79,0.0208,0,0.0661,0.0374,891,wallet,0.9704,normal,legitimate
29ad5947-176c-bd54-6d28-ef1733c0ae9b,2026-08-10T20:14:01.308102Z,18834.81,0.9971,4,0.8305,0.2756,8,netbanking,0.2591,fraud,fraud
cd84a40a-0b64-2eb0-e9d1-f92513a1ba65,2026-08-08T18:03:23.725670Z,410.9,0.1311,0,0.1319,0.0259,325,UPI,0.9283,normal,legitimate
b95328e1-44c0-43e2-4a27-7f409c67c1e6,2026-08-04T18:56:15.835290Z,2468.17,0.8414,5,0.9709,0.527,32,netbanking,0.3619,fraud,fraud
216bcba8-07c3-e762-ba6f-26e5d55a3b73,2026-08-12T17:08:07.935954Z,393.08,0.1027,1,0.1346,0.0167,1156,card,0.9159,normal,legitimate
c861d2fb-d693-2a6e-52e8-3a3d88afb02b,2026-08-12T00:03:31.033995Z,2659.8,0.0868,0,0.0324,0.0366,609,UPI,0.8975,normal,legitimate
3a64a29c-fe49-5d66-a9de-b523ff47f20b,2026-07-24T20:01:18.663425Z,218.52,0.0192,0,0.1121,0.0061,931,UPI,0.8874,normal,legitimate
590d3856-2d19-d9e8-2915-49b7863c7874,2026-08-13T22:23:41.522404Z,1139.51,0.1219,1,0.8649,0.1666,562,netbanking,0.8525,borderline,legitimate
ff8408f1-8a19-dfc5-b7f3-32f4ad08fe10,2026-07-29T18:49:03.755108Z,500.0,0.826,4,0.9769,0.2634,74,card,0.5194,suspicious,fraud
251bc059-31a5-ab9b-61d8-0497511ffba2,2026-07-30T17:50:22.977128Z,253.09,0.0897,0,0.044,0.0184,358,UPI,0.8894,normal,legitimate
1db71777-73d0-6455-077d-650f95029a94,2026-08-11T00:17:03.384670Z,1088.7,0.0119,0,0.2272,0.0098,1048,UPI,0.864,normal,legitimate
2df2c203-0c6e-ec3d-a44e-0c6165cc3be9,2026-08-22T03:04:23.920778Z,1416.62,0.2168,0,0.0082,0.12,755,card,0.9474,normal,legitimate
34381c7e-c115-f058-cc10-29547d988935,2026-07-30T22:05:12.907178Z,646.74,0.1466,0,0.1646,0.0401,892,card,0.9819,normal,legitimate
0eab9f9b-2a20-f564-af63-cfc35669a68c,2026-08-09T23:25:47.379274Z,1507.44,0.2302,0,0.0423,0.0294,1074,UPI,0.9018,normal,legitimate
cde8071e-c6f9-2b99-102d-0c207d6f789b,2026-08-06T13:17:21.418838Z,880.04,0.0303,1,0.1411,0.0672,923,card,0.9159,normal,legitimate
8f8e6302-47fe-cecf-8058-263f6bd7e0bd,2026-08-13T18:06:58.921812Z,2599.42,0.0671,0,0.1904,0.0415,1008,card,0.9776,normal,legitimate
bd70a34d-ed6d-f043-7223-de190619822d,2026-08-12T01:44:10.859519Z,568.66,0.1715,0,0.1267,0.017,493,netbanking,0.9149,normal,legitimate
6787ef91-adca-0612-178f-e01871b27b35,2026-07-27T02:58:32.182141Z,269.16,0.2309,1,0.1588,0.0661,280,card,0.8596,normal,legitimate
d130d7a2-3212-8d23-752c-cde9c8faa01d,2026-08-18T09:39:27.172119Z,174.55,0.0718,0,0.0843,0.0481,363,card,0.8606,normal,legitimate
d3acf597-1818-5679-43a6-d9ad891de85a,2026-07-31T11:35:43.810273Z,343.81,0.162,0,0.0971,0.0249,46,UPI,0.9227,normal,legitimate
25d7284e-8eb8-415c-bedc-6f3614928911,2026-08-16T13:53:27.008389Z,264.09,0.1975,1,0.1253,0.0231,753,UPI,0.9603,normal,legitimate
a3d039ec-5e20-3b9b-0d17-b07c407ba223,2026-08-11T16:32:26.666451Z,577.49,0.0081,0,0.176,0.0109,184,card,0.8993,normal,legitimate
766c9496-46aa-cfdf-030a-217bdc8c9682,2026-08-13T22:31:11.917814Z,1177.11,0.1442,0,0.0485,0.0667,296,UPI,0.944,normal,legitimate
61971351-2cff-1c18-309c-9d95a0402f88,2026-07-26T13:16:06.658254Z,816.81,0.1714,4,0.1148,0.0197,429,UPI,0.9193,legitimate_but_unusual,legitimate
33a3664e-dc0c-7b2c-33a3-b79fa381dda7,2026-08-12T03:57:38.800598Z,352.56,0.0138,2,0.0112,0.043,845,UPI,0.983,normal,legitimate
7bd87c70-f9bf-7e63-d89b-e99c712ee729,2026-08-13T10:24:45.675532Z,794.17,0.0529,0,0.2212,0.0281,727,netbanking,0.9004,normal,legitimate
8acd6d3c-09cc-3ae2-c2ae-d01275822871,2026-08-08T08:38:59.031393Z,578.57,0.2203,0,0.218,0.0404,1080,UPI,0.9906,normal,legitimate
4b1a9b24-08bc-22b0-495c-f2c2b94343d6,2026-07-29T09:31:59.096191Z,790.73,0.0142,0,0.2376,0.0529,310,UPI,0.9166,normal,legitimate
5b7c3b14-20b2-b42c-ed24-c096118871a4,2026-07-31T22:39:38.449117Z,15604.2,0.8578,5,0.8054,0.7717,58,UPI,0.1043,fraud,fraud
7d30a54c-1401-fca4-cfc7-d45bcb44ded1,2026-08-20T07:05:41.468632Z,344.99,0.2273,0,0.0638,0.0124,180,UPI,0.9493,normal,legitimate
f423b168-80c6-e50e-3904-5d2c79724bea,2026-07-27T17:52:59.221335Z,1025.92,0.1094,0,0.193,0.0565,141,UPI,0.88,normal,legitimate
0309b970-dd9b-70cc-c52b-849d6dd9bef7,2026-08-16T00:48:58.372702Z,5001.62,0.0337,0,0.1658,0.033,466,UPI,0.9673,normal,legitimate
a9456142-2262-4cda-2dfd-fd6d9913bd39,2026-08-14T11:56:16.008872Z,219.58,0.0478,1,0.1155,0.059,1088,netbanking,0.9135,normal,legitimate
ffbe16a4-0971-c7ee-1816-8ed2c1e73d93,2026-08-11T15:45:48.953577Z,101.06,0.0053,0,0.1739,0.0392,183,UPI,0.8769,normal,legitimate
5ef29a99-a5a0-cdb8-1f66-aa4a0a1830a8,2026-08-06T17:06:58.162560Z,645.23,0.0947,0,0.1136,0.0141,708,UPI,0.9523,normal,legitimate
e2dbe13a-6b8a-888f-bb78-dd1e2cdf267b,2026-08-04T08:10:35.372272Z,634.72,0.1647,0,0.1285,0.0457,1191,UPI,0.9964,normal,legitimate
2c14d4e1-5683-2430-8c8c-4c901acace5b,2026-07-29T19:57:41.363661Z,500.0,0.8725,5,0.9017,0.2831,83,wallet,0.3659,suspicious,fraud
cfacc640-b793-9de2-27e2-c80ad4a7bd23,2026-08-21T19:32:40.915422Z,243.88,0.951,1,0.1463,0.1769,591,netbanking,0.7351,borderline,fraud
fabfb50b-d1d8-37da-3109-1ddf0d5d7afd,2026-08-06T01:21:29.068332Z,1676.79,0.2105,0,0.2444,0.12,1059,card,0.8557,normal,legitimate
b0be91fd-6244-4dbb-ef4f-a1692346b020,2026-07-28T23:47:01.625929Z,53.07,0.1988,0,0.1357,0.0349,382,card,0.8609,normal,legitimate
cc9b0b52-b3d3-17f6-e1e2-507543593dde,2026-08-01T12:17:07.293383Z,3805.53,0.908,6,0.8767,0.3329,72,UPI,0.2757,fraud,fraud
067a255e-9a78-8786-5b68-046ad56b4c7b,2026-08-12T06:17:38.343088Z,207.64,0.1916,0,0.0723,0.0388,222,UPI,0.9141,normal,legitimate
b3cd87cd-3899-acc9-7490-2f01997e8d9a,2026-08-02T02:52:11.271675Z,1536.19,0.2009,0,0.0508,0.0785,215,UPI,0.904,normal,legitimate
24cc81e6-9f74-f4e1-faef-12a2f61b4f30,2026-07-26T14:13:15.602370Z,1216.69,0.112,1,0.2486,0.0252,388,UPI,0.9639,normal,legitimate
db24ff42-8693-9546-a200-3a3fb6878e46,2026-08-14T17:30:25.658032Z,158.31,0.1334,0,0.1717,0.0419,572,UPI,0.9093,normal,legitimate
dcb13a3a-7e79-87cd-2bba-6642045fb1a5,2026-08-14T01:33:33.292690Z,1715.82,0.7779,3,0.7751,0.0308,77,card,0.4036,suspicious,fraud
e4627d06-d97d-302f-7420-70f63d17b414,2026-07-27T17:12:26.110916Z,302.03,0.1577,0,0.0168,0.0099,270,UPI,0.9698,normal,legitimate
3e70a194-eaf3-0f47-9512-dca1994a5838,2026-08-02T06:23:47.240038Z,551.5,0.0224,0,0.0856,0.0068,975,netbanking,0.9636,normal,legitimate
09562acc-7b7e-8d8f-10fd-d421f018168b,2026-08-06T22:25:49.142667Z,2194.08,0.7877,5,0.7668,0.4546,30,wallet,0.2459,fraud,fraud
998b346b-d48b-8567-db5d-1562bd725ac5,2026-08-03T13:22:06.359329Z,26.79,0.136,0,0.0833,0.0015,30,wallet,0.8845,normal,legitimate
3a050f16-7eec-4ed1-d3f1-3cd9173f9c53,2026-08-22T00:29:00.788399Z,23079.47,0.8058,5,0.7906,0.386,85,card,0.3038,fraud,fraud
c9361533-f222-3c67-2270-23aebcb17638,2026-08-07T14:43:49.702761Z,786.49,0.0758,1,0.0076,0.0315,228,UPI,0.9079,normal,legitimate
ef2e33f4-80b1-fcf7-c7e2-4f47a08b3681,2026-07-28T11:16:43.288275Z,1277.16,0.7796,5,0.7887,0.262,76,card,0.5889,suspicious,fraud
f4a57b88-ab30-da8b-7152-fbbffd97216e,2026-07-29T21:28:40.867061Z,4381.07,0.1915,6,0.339,0.0968,546,UPI,0.8735,legitimate_but_unusual,legitimate
cd2fc648-213d-cae1-5193-4222f71ee3d2,2026-08-21T05:20:29.071656Z,145.94,0.1054,1,0.2023,0.1157,101,card,0.856,normal,legitimate
a4a007ab-b5f0-1d24-d4d9-79348d530968,2026-08-02T21:03:39.420836Z,1158.21,0.1265,0,0.1643,0.0113,1100,UPI,0.8872,normal,legitimate
e91d7065-a249-e783-b1ea-1bc25163be7d,2026-08-05T06:14:45.382625Z,893.66,0.0157,0,0.1412,0.0417,811,UPI,0.9864,normal,legitimate
f071c906-dbbf-00de-7f63-f5959f58eba2,2026-07-28T10:03:50.748769Z,145.13,0.2058,0,0.0861,0.0275,625,UPI,0.9412,normal,legitimate
f29aa6b1-a327-c590-23fd-ef8a198357b7,2026-08-01T17:34:33.205863Z,131.86,0.0033,0,0.224,0.0475,743,UPI,0.9714,normal,legitimate
06589a28-84f8-b2e1-eabe-80e12cc218f6,2026-08-05T15:43:57.024104Z,773.38,0.0494,1,0.1609,0.0096,721,UPI,0.9247,normal,legitimate
ed20ddad-f5ec-581d-58a9-5c18e3add574,2026-08-08T10:09:40.187533Z,2726.79,0.8241,4,0.8478,0.128,120,card,0.6709,suspicious,fraud
b0b32b7e-29a7-4e9a-0d39-a3b2d189baa5,2026-08-14T16:43:20.365050Z,969.23,0.1083,0,0.8099,0.0487,255,UPI,0.8114,borderline,fraud
4009dd39-90fb-898c-e83c-f6a39d562238,2026-08-20T23:55:39.646519Z,716.38,0.0896,0,0.0745,0.12,958,card,0.8744,normal,legitimate
9c79ee16-7c7a-6679-4e3c-70e1fe6602e3,2026-08-05T09:19:48.320824Z,2540.97,0.9271,5,0.1603,0.1791,128,card,0.5612,borderline,fraud
a8b65211-a6d9-acca-55ae-34b5b0b0808c,2026-08-15T06:52:45.972824Z,567.64,0.1352,0,0.1004,0.0302,1182,UPI,0.8509,normal,legitimate
6ba13a8a-4049-603e-787e-8fd71d41ebab,2026-08-11T05:03:42.577916Z,558.67,0.2471,0,0.0233,0.0029,412,card,0.8612,normal,legitimate
c718caa7-b53d-1811-61d2-348e67a4a903,2026-08-14T12:25:49.033280Z,1748.69,0.897,6,0.9997,0.4657,74,UPI,0.3236,fraud,fraud
3188a255-02b7-502a-ccd3-b4066ab643b3,2026-08-14T10:06:31.347440Z,349.06,0.1673,0,0.1337,0.0537,678,card,0.8574,normal,legitimate
e238275e-0cc6-b7aa-381d-df0e3068c4d2,2026-08-22T02:40:06.916951Z,175.45,0.1245,0,0.0779,0.0003,672,UPI,0.9545,normal,legitimate
b612a1a8-1f69-2d0b-32c1-897f2b5f6329,2026-08-07T13:02:33.332771Z,322.65,0.2106,0,0.1261,0.0234,1116,UPI,0.9254,normal,legitimate
d62a0a94-bee7-09ac-5583-330932d00154,2026-07-27T10:22:29.993392Z,194.45,0.2081,1,0.2011,0.0416,637,card,0.9875,normal,legitimate
8a66646b-ef0b-d83e-911a-151f7a86de29,2026-08-16T04:13:19.934392Z,3105.28,0.7483,4,0.7664,0.1277,76,netbanking,0.6663,suspicious,fraud
e8d29da5-d04a-5902-3138-9fde3c5c1ac3,2026-07-29T21:35:38.450233Z,22113.66,0.7853,3,0.8505,0.1016,83,UPI,0.6905,suspicious,fraud
105b60d0-64a8-8e3b-6605-7f9d7b858638,2026-08-12T03:48:15.730068Z,115.96,0.2029,0,0.2027,0.012,565,card,0.8944,normal,legitimate
c6c3932d-5013-bdf9-53b4-08f6684d8075,2026-08-02T07:51:06.687776Z,1772.86,0.2133,0,0.2482,0.0293,938,card,0.9643,normal,legitimate
6550a4c7-a8cd-66e8-8775-240a0ac36ab9,2026-08-06T18:13:53.878439Z,297.46,0.1611,0,0.0269,0.0035,985,UPI,0.9072,normal,legitimate
01a6c5df-4b75-5841-df31-5efae953b946,2026-07-25T17:19:27.660388Z,500.0,0.8084,3,0.7242,0.2542,130,UPI,0.6013,suspicious,fraud
e7b2ed15-e4b6-31a5-60b1-e9e4a31e8398,2026-08-10T21:20:14.331896Z,1331.42,0.2142,0,0.1426,0.0367,956,UPI,0.889,normal,legitimate
900a84bc-9369-fc8a-d4e6-c0f75d16bc16,2026-07-25T10:48:59.445907Z,1931.7,0.9008,5,0.8816,0.279,64,card,0.4421,suspicious,fraud
7bafe3e4-a5c3-73b9-0e4e-de3aa12cefbe,2026-08-06T09:47:24.889002Z,455.82,0.2008,0,0.0186,0.0224,741,netbanking,0.8569,normal,legitimate
b69cc720-4f3b-b395-5e18-e326ca177a66,2026-07-31T00:22:21.603918Z,132.6,0.116,0,0.1297,0.0514,893,card,0.8994,normal,legitimate
d4b61a1f-ab2c-0dad-1f6d-8d32b2fdfc7e,2026-08-13T10:28:47.882566Z,223.78,0.0467,0,0.1072,0.026,535,UPI,0.9301,normal,legitimate
00d88fbd-8eeb-ab11-24d6-91248c507301,2026-08-20T10:53:48.335539Z,1919.3,0.1445,0,0.1766,0.0454,121,card,0.9174,normal,legitimate
42122bc9-86a3-6377-39b7-4f73cebbd787,2026-08-09T12:28:48.937422Z,27615.6,0.7038,0,0.3244,0.0462,423,UPI,0.8817,legitimate_but_unusual,legitimate
a04be1b0-a747-c765-7f16-0163265a8b84,2026-07-26T10:30:07.530107Z,920.68,0.0367,0,0.0579,0.12,874,UPI,0.9651,normal,legitimate
a1bbb554-20cc-6c18-2f5c-4510f6f1ed5e,2026-07-25T10:37:47.092281Z,4065.71,0.2049,0,0.0517,0.0133,285,UPI,0.972,normal,legitimate
f10ae90e-9f70-e0e6-cf41-3a90e503bc3e,2026-08-06T19:08:53.624272Z,10019.43,0.8848,8,0.8578,0.3107,4,UPI,0.3696,fraud,fraud
dde336e9-d4d8-d02e-7905-94171427aacd,2026-08-16T21:52:59.141057Z,3733.29,0.2957,4,0.2143,0.0056,850,netbanking,0.9828,legitimate_but_unusual,legitimate
c18bdc23-7ede-1041-9a40-b184e929984b,2026-07-27T03:16:28.236022Z,367.19,0.0885,0,0.0045,0.0342,58,UPI,0.8772,normal,legitimate
db4c00e8-0d21-81c9-7742-e23f89c38ef9,2026-08-14T17:42:00.665319Z,1730.1,0.1491,0,0.0735,0.046,460,wallet,0.9272,normal,legitimate
923e29fe-8a53-5a73-4c45-a9217ee8eeed,2026-08-18T03:29:34.674823Z,579.45,0.1431,0,0.1262,0.0278,830,wallet,0.8564,normal,legitimate
62afd7c9-fbc6-200f-4c73-3caacedc1ae6,2026-08-16T17:34:16.953257Z,1230.5,0.1405,0,0.1618,0.0109,664,card,0.9684,normal,legitimate
5a974bc4-2581-3005-9963-bd95e256ab64,2026-08-21T10:33:00.250804Z,13841.18,0.8329,7,0.9673,0.7085,84,UPI,0.262,fraud,fraud
985f2c7e-82a1-77bc-6e88-7f6765ca8a54,2026-08-22T07:27:29.991097Z,817.96,0.1416,2,0.0663,0.0033,324,card,0.8649,normal,legitimate
f680891f-012b-3652-ba5a-c55fa459393f,2026-08-12T08:45:07.267447Z,5021.48,0.9192,3,0.8993,0.1791,181,UPI,0.7488,suspicious,fraud
f6e86a6b-c21f-370c-4b4c-6b3f99d0e790,2026-07-28T01:05:02.912528Z,1896.33,0.2187,0,0.1213,0.0178,288,UPI,0.8698,normal,legitimate
d93cd2f1-aae9-d15f-c957-e9ae9ded7b04,2026-08-09T02:01:22.214506Z,2527.66,0.0204,1,0.0982,0.0024,321,UPI,0.9024,normal,legitimate
d7eb8975-4490-bd0b-216a-e3fa051fed9e,2026-07-30T22:00:38.443110Z,717.94,0.1797,0,0.107,0.0365,705,UPI,0.8522,normal,legitimate
035f5b62-99de-6b19-9aa4-fb09ad1d7835,2026-08-19T00:38:19.137161Z,196.03,0.0834,0,0.0513,0.0049,389,UPI,0.9737,normal,legitimate
c0471dbe-6471-6f2e-a733-7e8111f0465a,2026-07-27T21:50:02.537487Z,735.82,0.8239,5,0.1946,0.1868,181,UPI,0.719,borderline,legitimate
e620be44-c3c9-24d7-55f5-afe9c4dd4361,2026-08-06T19:31:24.354741Z,3023.01,0.2668,4,0.0269,0.0072,834,UPI,0.8773,legitimate_but_unusual,legitimate
713648b0-2b7b-ef55-714c-3247fbf1b2c2,2026-08-04T09:31:50.731381Z,1660.91,0.0696,4,0.935,0.18,404,card,0.702,borderline,fraud
d8bac6c7-f76d-884a-c735-3f752c2c0435,2026-08-22T16:12:03.656212Z,403.46,0.0999,0,0.0367,0.0438,961,wallet,0.8976,normal,legitimate
0940699c-d7f3-bd2c-7929-396978965b5c,2026-08-10T11:39:14.480742Z,343.29,0.242,1,0.1408,0.035,361,UPI,0.9562,normal,legitimate
411a6c2c-5adb-5e27-8150-e8b1a2cb3e39,2026-08-11T14:39:23.918668Z,1030.22,0.1324,1,0.1725,0.0202,26,netbanking,0.9067,normal,legitimate
3fb1e349-25a6-5816-2407-cc947d079081,2026-08-01T00:14:34.924566Z,289.73,0.1701,0,0.0309,0.0186,864,card,0.9839,normal,legitimate
17fc38cf-c182-6595-a7fe-bcb378c9f014,2026-08-20T09:56:42.459832Z,3222.07,0.1081,5,0.1718,0.0628,969,UPI,0.9039,legitimate_but_unusual,legitimate
617792ad-2718-358b-5acf-d390cc674fdd,2026-08-05T12:26:32.533302Z,292.35,0.1565,0,0.1491,0.0065,522,UPI,0.8613,normal,legitimate
1f25d0cf-1fed-d29d-7bfb-0ea8e1741928,2026-08-13T08:50:39.504440Z,514.46,0.1818,0,0.0925,0.0156,802,UPI,0.9075,normal,legitimate
fa4a2599-db61-26cd-fa6a-54bc2e253fc4,2026-08-14T07:33:36.666620Z,211.46,0.23,1,0.1738,0.12,289,netbanking,0.9019,normal,legitimate
870cd66b-4a6e-94cd-6877-0896190c09f2,2026-08-12T11:29:15.380181Z,84977.01,0.1899,0,0.215,0.0557,311,UPI,0.8048,legitimate_but_unusual,legitimate
da70bdae-08d0-21be-adb1-f00b252fea92,2026-08-05T19:10:43.866386Z,500.0,0.8289,4,0.8561,0.2719,139,card,0.6506,suspicious,fraud
b82d3996-08b4-7b4b-d585-886077caa9dd,2026-07-28T09:34:03.297713Z,896.71,0.7858,1,0.8864,0.1509,126,UPI,0.7211,borderline,fraud
942f8ab6-ea80-21e0-0c3c-98aa6474cc2e,2026-08-21T14:47:30.436449Z,860.01,0.2277,0,0.068,0.0969,496,card,0.8625,normal,legitimate
234c6c00-cedf-3634-4504-a9d320798725,2026-08-18T22:50:07.628895Z,3403.82,0.997,5,0.8607,0.7104,15,UPI,0.2143,fraud,fraud
9873f8dd-9729-8c9c-0c22-cae93b5be314,2026-07-27T08:17:17.627926Z,426.37,0.1572,1,0.0341,0.0738,742,UPI,0.9057,normal,legitimate
ab1b624b-62d7-3138-f3d5-cdf2f9ed7bf9,2026-08-03T05:36:08.613198Z,136.4,0.2117,0,0.1436,0.0486,133,UPI,0.9535,normal,legitimate
b207ed1d-c5a0-786e-85d6-98f0426a3355,2026-08-01T12:32:13.989790Z,369.78,0.2381,0,0.0316,0.0734,140,UPI,0.907,normal,legitimate
17475c56-018f-98d6-d5a7-f204501f9ab5,2026-08-22T03:35:58.868528Z,292.14,0.1683,0,0.213,0.0075,1127,netbanking,0.8866,normal,legitimate
f615f73e-6f1a-e17c-036a-22295d2dcfd9,2026-07-31T15:10:51.065749Z,429.57,0.247,0,0.1135,0.1148,1061,UPI,0.9231,normal,legitimate
6beefc6b-1220-d8ba-4bad-386947b2dbe1,2026-08-18T05:06:22.796839Z,97.75,0.0717,1,0.1467,0.0299,81,UPI,0.9559,normal,legitimate
918e1c75-491c-8657-3444-dbbce828631b,2026-07-24T16:43:13.056047Z,1631.48,0.8343,7,0.8833,0.5132,79,card,0.1832,fraud,fraud
6baf315b-d22b-c87d-7cb2-b47dd1cd42c8,2026-08-04T04:58:26.609413Z,13890.19,0.9891,4,0.8712,0.318,167,UPI,0.6722,suspicious,fraud
8ba737aa-874e-32fb-d39b-a2cb022a9279,2026-08-11T02:16:25.619400Z,356.9,0.0964,0,0.1342,0.0006,1199,UPI,0.977,normal,legitimate
e2c6174c-e82b-f239-ba7f-c74c4d69f1ba,2026-08-17T07:55:18.861117Z,1165.51,0.2143,0,0.1559,0.0376,937,UPI,0.9692,normal,legitimate
b7e69a08-6a76-e70b-530a-0a10519fa49e,2026-08-14T19:19:33.024085Z,325.64,0.0292,0,0.1018,0.0105,530,UPI,0.9734,normal,legitimate
6e69098c-143c-27a6-3b79-edebf5b204fe,2026-08-22T08:09:29.856330Z,1000.0,0.8191,10,0.971,0.4993,34,UPI,0.1301,fraud,fraud
fe654fe5-905b-5638-7780-38ae199826dd,2026-08-22T14:59:49.217968Z,77201.89,0.405,1,0.0773,0.005,1006,netbanking,0.9652,legitimate_but_unusual,legitimate
35c7aa9c-ad0d-1f15-05c6-9605d2418dd7,2026-08-20T08:30:41.481026Z,3699.05,0.7606,6,0.9048,0.8411,48,UPI,0.361,fraud,fraud
b1eba734-c263-ab02-302e-131f23c76241,2026-08-13T06:51:51.716526Z,245.71,0.0131,1,0.0662,0.0055,579,wallet,0.9477,normal,legitimate
a5ef82ad-2a94-8a77-b668-c9e6b85a1197,2026-08-16T04:24:17.852178Z,51949.44,0.6277,0,0.0219,0.0038,761,card,0.9716,legitimate_but_unusual,legitimate
fc070718-c81c-7686-bc4d-dde888775b08,2026-08-17T14:00:09.024731Z,156.24,0.0224,0,0.1152,0.0539,175,UPI,0.9259,normal,legitimate
a889a548-64ea-6256-05f6-f25cb34a4fe6,2026-07-31T13:24:15.531803Z,82.69,0.1536,0,0.089,0.0578,342,UPI,0.9361,normal,legitimate
caf2e282-bf32-32eb-f80a-097ef299bd5c,2026-08-20T00:49:02.065898Z,309.17,0.1122,0,0.1327,0.0014,1105,card,0.9719,normal,legitimate
e29a5988-7287-ac65-0e8c-123ebfb4d81a,2026-07-31T10:38:50.212733Z,111.37,0.0714,0,0.2208,0.12,1003,UPI,0.9002,normal,legitimate
8b9b7af8-01b1-53a8-0056-14b2c0330625,2026-08-12T20:41:46.740875Z,2111.37,0.8772,0,0.8813,0.089,75,UPI,0.7968,borderline,fraud
e3517ea5-ccc3-628c-86ce-64f9e3dc16e1,2026-08-22T15:00:26.584836Z,492.83,0.1757,0,0.0494,0.0002,144,UPI,0.9322,normal,legitimate
a9ab1694-4a3d-3f00-c0de-7afceefbd9f9,2026-08-18T18:43:51.050211Z,260.91,0.2121,0,0.9495,0.1194,359,UPI,0.653,borderline,legitimate
44d4c60b-2eac-1a18-f033-6d0a5dc8b84f,2026-07-28T02:23:12.523523Z,991.73,0.0168,0,0.225,0.083,117,UPI,0.8915,normal,legitimate
bd00c174-bdfb-3117-ae4a-01c9bd8b4e9e,2026-07-24T20:31:08.386816Z,567.06,0.2053,0,0.0876,0.0158,41,UPI,0.9714,normal,legitimate
00729a6e-5ac2-769d-ab41-5613e3679272,2026-08-15T11:40:54.031041Z,1892.35,0.0301,4,0.0071,0.0971,1119,card,0.9251,legitimate_but_unusual,legitimate
20f5562c-fddc-f476-dde6-106f649157a6,2026-07-28T03:25:24.640802Z,527.95,0.1803,1,0.0969,0.12,238,UPI,0.8668,normal,legitimate
ca17eda2-3ce1-cc1f-c297-dbb47ac26ee5,2026-08-07T02:55:54.340972Z,252.66,0.0215,0,0.1292,0.0218,15,UPI,0.9196,normal,legitimate
0f9c95f7-80d4-08fd-3e62-f26a6c7c407c,2026-08-16T02:11:28.860130Z,1592.24,0.1105,0,0.0049,0.0602,117,card,0.9496,normal,legitimate
54f31898-195d-e4bf-3e10-8261d8f49a64,2026-07-30T05:18:09.627073Z,760.93,0.1138,0,0.1084,0.0534,760,UPI,0.8915,normal,legitimate
d9e4ce0e-03a2-0b95-59b6-31f567547efd,2026-08-22T18:36:55.060189Z,254.3,0.2106,0,0.1585,0.0587,896,card,0.9719,normal,legitimate
d9e32537-cdc5-ae76-7156-30d47d781065,2026-08-22T16:58:28.802915Z,1746.97,0.9293,4,0.7412,0.2655,145,UPI,0.7044,suspicious,fraud
39af6e5a-9e27-4276-6dc1-e94be3bcd8fd,2026-08-13T01:38:47.145802Z,2130.69,0.02,0,0.1238,0.0717,987,UPI,0.9492,normal,legitimate
bc0322be-1788-a3d8-9321-ed6c24bbf6a0,2026-08-07T19:13:23.802541Z,307.98,0.0164,1,0.1057,0.0413,801,UPI,0.894,normal,legitimate
20e75f60-75f1-10c7-406c-80cf9188f97a,2026-07-30T04:22:50.723956Z,1226.29,0.005,0,0.0389,0.017,1082,UPI,0.9782,normal,legitimate
6d64339b-4f79-f4e5-3593-cac3ed204fd4,2026-08-11T16:37:07.623850Z,331.6,0.1488,1,0.1231,0.1001,779,card,0.9137,normal,legitimate
3e3c7621-e4a5-c6ca-737e-f8e2bedea067,2026-08-12T04:44:28.050855Z,154.54,0.0176,0,0.07,0.0535,648,UPI,0.9571,normal,legitimate
40a94732-cb01-56be-bcef-718d2edf8d98,2026-08-06T02:06:54.298173Z,1640.02,0.8634,5,0.94,0.3198,33,UPI,0.2659,fraud,fraud
ac125dcc-13f0-bb31-4009-64a6072f2912,2026-07-27T08:41:25.252069Z,810.15,0.0098,0,0.1177,0.0661,166,UPI,0.884,normal,legitimate
c7c8fca2-b05b-1a3a-4ec0-2a9d901fafe3,2026-08-12T19:14:34.555759Z,135.86,0.0544,0,0.1413,0.0344,342,UPI,0.952,normal,legitimate
0bdab6c7-f837-5dc6-8a14-4cc99ab223a6,2026-08-17T17:08:46.068021Z,10896.7,0.8792,8,0.7837,0.4075,85,wallet,0.0941,fraud,fraud
02d992c7-7737-82d3-05cf-a159043effcc,2026-08-05T03:37:48.959795Z,193.06,0.2365,0,0.1442,0.013,380,card,0.8921,normal,legitimate
d81fed44-7696-c6bc-e4b1-95601b28aa2e,2026-07-31T10:47:25.198757Z,1010.63,0.1465,1,0.1239,0.0039,216,UPI,0.8979,normal,legitimate
2b0fe4ec-e07b-7839-7c4b-8306f7bbc1f2,2026-08-18T20:47:28.010502Z,4043.48,0.9575,4,0.806,0.259,20,UPI,0.432,suspicious,fraud
4669648a-60e3-4339-10ea-dd3f4baf9fa3,2026-08-08T06:43:05.653231Z,1000.0,0.9877,7,0.8236,0.2775,30,UPI,0.18,fraud,fraud
534c56b9-c5e9-4ba3-9aea-dc1e74f2b0bd,2026-08-18T09:50:17.511494Z,264.51,0.1134,0,0.1857,0.0143,344,UPI,0.953,normal,legitimate
61ae6b17-0a45-1a75-6846-a1e0b7b32364,2026-08-05T08:18:26.551337Z,335.1,0.034,0,0.1523,0.0744,415,UPI,0.9898,normal,legitimate
ff19b4b3-ed9f-9365-8f11-b9cb8d2aff0c,2026-07-27T09:31:08.756058Z,78.29,0.1139,0,0.2195,0.0167,227,UPI,0.9847,normal,legitimate
29458ec2-f7de-2225-a4ce-ee6237f9b1db,2026-08-18T23:29:38.626626Z,2894.6,0.0814,3,0.7572,0.1269,410,UPI,0.6466,borderline,fraud
0991adc4-9d9b-7917-98c3-f26afe5f1c56,2026-08-04T17:38:28.780115Z,382.08,0.1891,0,0.0569,0.0122,366,UPI,0.9751,normal,legitimate
458c5260-fb5c-4bb5-9e4d-601512874e7b,2026-07-29T11:23:07.593327Z,54.95,0.0435,1,0.0051,0.0173,142,UPI,0.8536,normal,legitimate
21ef4fb1-c0bc-60a9-36b9-8ed6769487fa,2026-08-09T00:48:14.669968Z,550.06,0.0899,0,0.2238,0.0083,266,netbanking,0.9375,normal,legitimate
e2c1a3bc-6bcc-87de-e144-e0dca0720f79,2026-08-10T13:57:20.831083Z,2699.9,0.1393,0,0.1821,0.0174,1031,card,0.9505,normal,legitimate
57662466-6894-79c3-8166-57d30f1fdfb5,2026-08-15T21:28:06.371861Z,9054.41,0.1813,1,0.9545,0.1332,380,card,0.8051,borderline,legitimate
c3b84c88-b142-b050-a08f-3d69da7798c5,2026-08-14T20:42:39.587401Z,467.92,0.1342,0,0.1337,0.0092,770,UPI,0.8935,normal,legitimate
c8db040e-3425-87be-887c-cf55c9e0a034,2026-08-02T01:23:49.803002Z,570.78,0.0633,0,0.0307,0.0144,313,UPI,0.9795,normal,legitimate
6e684016-e318-8e95-6ed0-7f89d565a0bc,2026-07-31T12:35:38.609489Z,512.81,0.1794,0,0.1811,0.0173,787,UPI,0.8589,normal,legitimate
0153c814-d2d0-860d-c94c-43a3b059875d,2026-07-26T12:21:23.602567Z,6572.69,0.8764,7,0.7981,0.3966,86,wallet,0.3558,fraud,fraud
79da3931-322c-4e39-925d-760a14df60d2,2026-07-31T03:06:33.929559Z,449.17,0.1333,0,0.1434,0.0782,320,UPI,0.8538,normal,legitimate
c198efcd-a82e-5a55-97ce-5c47223ea9bb,2026-08-20T07:24:57.546676Z,707.7,0.2394,1,0.0656,0.0074,682,UPI,0.8603,normal,legitimate
f36dd835-8ec7-a1a4-b409-8d4654dbeeaf,2026-08-20T10:51:14.875188Z,61447.08,0.2657,2,0.2967,0.0454,932,wallet,0.9155,legitimate_but_unusual,legitimate
beb236f8-91f9-9fd7-d91a-6fc62b162373,2026-07-25T01:05:03.559264Z,639.48,0.2109,0,0.0773,0.0077,1163,card,0.9065,normal,legitimate
09bbe913-8b63-cad7-6016-f71e95dc76f7,2026-08-22T19:43:43.118765Z,1685.77,0.8688,6,0.7813,0.6794,43,netbanking,0.1306,fraud,fraud
315d9da3-1cef-1cf9-b8e4-2fde263c8294,2026-08-08T19:04:58.604347Z,301.69,0.0694,0,0.0815,0.045,952,UPI,0.9344,normal,legitimate
d1379605-9fc2-81bb-f71e-eea9cabc5e8c,2026-08-14T22:44:19.222923Z,581.12,0.0771,0,0.1271,0.0387,700,UPI,0.924,normal,legitimate
f86a3348-a3e2-478c-89ad-6c2d6497686c,2026-07-28T21:44:12.213346Z,1577.0,0.229,0,0.2268,0.0114,574,UPI,0.9341,normal,legitimate
d7b7273b-d677-3432-ba29-01acfef66881,2026-08-02T18:37:53.876447Z,295.16,0.1484,0,0.1434,0.1005,576,netbanking,0.9814,normal,legitimate
921c24cc-4fc9-3fde-a74c-90a85b08cb3e,2026-08-05T13:18:19.543329Z,142.12,0.2091,0,0.0199,0.0428,683,card,0.8934,normal,legitimate
6973d1cc-61df-55a8-eaad-3b34d809994f,2026-08-13T18:20:46.160990Z,636.08,0.1398,0,0.1881,0.0117,275,card,0.9548,normal,legitimate
1e1e5ac0-5306-31ec-9736-2ea8d8f3d878,2026-08-14T15:32:42.681303Z,630.4,0.063,0,0.1151,0.1092,409,UPI,0.9409,normal,legitimate
750939b1-cf9b-21a3-c5e2-64d9c71407fb,2026-08-04T04:07:48.440948Z,25.69,0.2265,0,0.1889,0.0021,69,UPI,0.9461,normal,legitimate
d0371a6d-625c-291a-8c19-8e73e87dadda,2026-08-06T03:52:32.145742Z,558.28,0.237,0,0.0851,0.0238,1036,UPI,0.9602,normal,legitimate
64b41328-7bdd-dae7-9a9c-22a451a67541,2026-08-15T20:56:41.916595Z,850.57,0.9198,0,0.8546,0.1952,233,card,0.6892,borderline,fraud
f90c3ad2-c43d-adb8-0792-660098bce5dc,2026-08-18T06:32:54.022668Z,686.24,0.0713,0,0.1335,0.1096,291,card,0.8752,normal,legitimate
986f1869-20f1-a7f3-bbf5-048124c4c804,2026-08-02T04:15:16.806040Z,3003.55,0.9788,10,0.9866,0.3738,1,UPI,0.2568,fraud,fraud
a8c70e66-855b-40d3-18c4-78258c1693aa,2026-08-11T18:19:04.139167Z,65.68,0.2422,1,0.1223,0.0578,1180,UPI,0.9059,normal,legitimate
4a91de0e-ca55-9175-57b8-bddd74ed6d55,2026-07-24T14:48:02.548156Z,524.49,0.1639,1,0.1346,0.0114,883,wallet,0.8644,normal,legitimate
dc8a4d52-e65c-5095-34c6-f779266f9cd7,2026-08-20T21:38:10.019020Z,4934.91,0.0517,0,0.0714,0.12,61,UPI,0.9492,normal,legitimate
b2c3c070-82fb-2e5b-29b6-654d6125aad3,2026-08-19T10:47:10.107722Z,1651.65,0.2438,0,0.0974,0.0045,539,wallet,0.9531,normal,legitimate
6c2cf32b-61ea-f3b0-d6ee-b5452423e5ae,2026-08-03T09:10:48.934512Z,432.17,0.0835,0,0.1414,0.0043,510,card,0.8567,normal,legitimate
e6742136-5518-d616-d9dd-d6537dc00b89,2026-07-31T11:18:38.432674Z,3297.21,0.2415,0,0.1884,0.002,316,UPI,0.9715,normal,legitimate
95064505-34fd-700e-0103-4cf857e9d4b8,2026-07-24T15:26:03.614488Z,11927.18,0.1494,0,0.0523,0.0133,862,UPI,0.9629,normal,legitimate
f3a113d0-9066-973c-fee1-7ef2469d5ee8,2026-07-29T11:12:34.244023Z,879.7,0.1771,0,0.1256,0.079,667,UPI,0.9776,normal,legitimate
b4cea5cf-c7d9-fa86-67ed-cda243340be8,2026-08-22T21:39:42.097514Z,199.75,0.1367,0,0.1985,0.029,1030,card,0.9899,normal,legitimate
492d0d3b-6a9c-040c-e1f0-302d38c35362,2026-08-05T02:44:08.259855Z,550.23,0.1218,0,0.2327,0.0607,722,UPI,0.9864,normal,legitimate
8c12e802-f152-bb67-db24-fa777d0e4c92,2026-07-29T14:28:16.819971Z,2313.23,0.0904,1,0.0709,0.0033,156,UPI,0.9382,normal,legitimate
e668c45b-f9fb-aca6-2898-a91d1bcc3aea,2026-07-25T08:33:14.799997Z,699.0,0.0123,0,0.1035,0.0951,320,UPI,0.9729,normal,legitimate
2df5d9f1-57ed-cd99-0aa0-a7773d745ae7,2026-08-04T23:25:15.947407Z,278.77,0.0271,0,0.2159,0.0411,325,UPI,0.9363,normal,legitimate
759f9595-020d-5b62-8f4a-b2e6d6a1b2bc,2026-07-29T20:21:14.298172Z,711.46,0.0234,0,0.0689,0.0519,403,UPI,0.8752,normal,legitimate
2af860b7-808d-b6a8-6c1e-7412b26d58cd,2026-08-13T00:55:24.493748Z,292.4,0.0554,0,0.2359,0.0419,811,UPI,0.8974,normal,legitimate
13777997-f8f1-eec9-9cce-dfb3b230bda3,2026-08-17T16:44:47.301142Z,604.45,0.0861,0,0.2112,0.0977,684,UPI,0.8861,normal,legitimate
2d3a3ba1-bc80-6a5a-11b3-095546d2f435,2026-08-02T06:25:05.433039Z,1282.9,0.8062,4,0.8739,0.0622,179,UPI,0.6678,suspicious,legitimate
3769f3d0-13a6-f161-4c52-8c43db348c59,2026-07-28T20:26:26.931314Z,3649.19,0.2249,4,0.3306,0.0107,585,UPI,0.888,legitimate_but_unusual,legitimate
1823ed21-fcf8-b67a-35fb-acdc20755050,2026-08-11T16:16:05.111359Z,2047.31,0.1807,0,0.1747,0.08,861,UPI,0.8623,normal,legitimate
bf45a371-732e-e474-726c-0be6c319b52c,2026-07-28T18:02:27.865964Z,7910.71,0.7835,7,0.7982,0.0408,104,card,0.5994,suspicious,fraud
fdf25a80-4034-9011-7355-d2e1f6b94c5e,2026-08-06T17:09:03.403512Z,1852.71,0.8177,0,0.7542,0.0262,62,card,0.7567,borderline,fraud
f404dca0-9804-8dc2-6046-661cf3f170d6,2026-08-01T13:36:02.605190Z,1905.66,0.1064,0,0.0913,0.5591,204,UPI,0.9049,merchant_anomaly,fraud
2c352ddf-f244-a19d-7968-1e38927c3a54,2026-08-07T12:04:00.561649Z,56.77,0.2129,0,0.2132,0.0189,370,card,0.8988,normal,legitimate
e964f728-322e-3b65-3167-fa0505492e50,2026-08-19T01:36:05.084937Z,477.63,0.1935,0,0.1749,0.0004,706,card,0.945,normal,legitimate
0d126409-ba3a-d225-37b5-9f4072f31322,2026-07-31T08:46:36.952059Z,539.18,0.1293,0,0.2223,0.0346,633,UPI,0.9237,normal,legitimate
f8672bf8-1be0-2766-4108-1542a2fca4db,2026-08-08T06:21:45.456958Z,986.04,0.0974,1,0.0178,0.12,672,UPI,0.8852,normal,legitimate
2e39f5e5-a494-34ec-e15a-ec86af6075cf,2026-08-12T20:46:37.721770Z,1199.74,0.869,4,0.7926,0.096,33,UPI,0.6795,suspicious,fraud
30da8f80-4651-b24c-0027-6b98df06584f,2026-08-02T09:43:42.861962Z,550.74,0.0227,0,0.2196,0.0698,495,netbanking,0.9152,normal,legitimate
daf20b4d-bfb8-972a-10c4-4ab50b3a5fc5,2026-08-05T22:08:19.895596Z,88.54,0.173,0,0.074,0.041,620,UPI,0.8625,normal,legitimate
a9ee5cf4-2b5c-c367-aaf7-da5d2aca218e,2026-07-28T20:57:35.124309Z,2530.6,0.0215,0,0.0934,0.4896,523,wallet,0.9815,merchant_anomaly,fraud
f377d2c2-c698-9204-82f9-4fa05cf1facb,2026-08-06T11:35:21.675002Z,239.44,0.0476,0,0.1212,0.0395,719,UPI,0.9605,normal,legitimate
53344dc0-7074-7be6-e08e-2d124b417c67,2026-08-18T08:17:57.401409Z,2234.28,0.0282,1,0.1005,0.12,188,UPI,0.9824,normal,legitimate
0553001b-a6fa-365f-b3bd-22a81667a273,2026-08-15T15:08:47.796448Z,151.61,0.2237,0,0.095,0.0326,717,netbanking,0.9012,normal,legitimate
2670771c-7d3c-386f-c2ad-1c7eac50f140,2026-07-29T13:20:19.274694Z,2853.72,0.0177,0,0.2156,0.0043,362,UPI,0.9978,normal,legitimate
683ff5aa-7c9e-9554-6d5e-dd9755d62457,2026-08-17T08:40:06.541420Z,91.65,0.1094,0,0.1801,0.0345,187,wallet,0.9418,normal,legitimate
e0c73a37-636c-d6cb-6c2a-85ad56a707c1,2026-08-21T23:03:56.677331Z,329.91,0.0234,0,0.187,0.0722,358,UPI,0.9528,normal,legitimate
da67f9a1-d8ae-20d8-77fa-2fb4b65b04ad,2026-08-21T14:17:58.504420Z,1362.17,0.0432,0,0.1247,0.0509,58,card,0.9024,normal,legitimate
327faf1e-e934-f844-abf2-6d5697027f3e,2026-07-25T22:20:10.086997Z,1902.63,0.1758,0,0.1092,0.084,498,card,0.8948,normal,legitimate
6934f58b-03cf-5491-359f-522fdc250408,2026-07-25T00:52:46.893484Z,162.85,0.0122,0,0.0326,0.0157,556,UPI,0.8867,normal,legitimate
7cc45a49-9558-c4d6-39d9-4097397a43dc,2026-07-27T10:41:14.926796Z,1899.88,0.0409,1,0.0995,0.0983,334,UPI,0.855,normal,legitimate
989ec60a-afe1-fa46-c062-9304b4fb0be9,2026-08-04T18:53:22.993784Z,353.96,0.1026,1,0.022,0.0103,372,UPI,0.8576,normal,legitimate
2baff28f-b975-b916-23ee-26f5c4b92ff6,2026-08-11T00:46:04.983428Z,5129.98,0.0881,0,0.2355,0.0059,217,card,0.9907,normal,legitimate
87e2b37e-ed8a-2916-3203-a4fef220d04e,2026-08-05T02:16:30.185905Z,867.92,0.94,5,0.9522,0.2015,29,UPI,0.6568,suspicious,fraud
badb74ad-a3b7-6138-9219-3f0459e50db6,2026-07-26T07:01:28.860377Z,238.67,0.1897,0,0.1914,0.0213,1152,UPI,0.9607,normal,legitimate
65821a1b-99e5-a3d1-5a58-d738fcd530e3,2026-08-08T13:13:31.262947Z,313.96,0.7526,1,0.0104,0.1268,550,UPI,0.8746,borderline,fraud
90368de5-5244-ac3d-e54a-2adf8828d2c9,2026-08-05T09:52:30.522161Z,1872.07,0.784,1,0.7458,0.1833,411,UPI,0.7666,borderline,legitimate
6083ffbe-a624-1824-385e-7897898a969c,2026-08-07T04:19:37.771939Z,4420.49,0.8862,7,0.7616,0.797,49,netbanking,0.171,fraud,fraud
020d01f8-43dd-5dcb-8a86-29ab8cd74a74,2026-08-11T03:50:06.779013Z,1070.12,0.9399,4,0.8263,0.6367,9,UPI,0.1403,fraud,fraud
3b6e9580-76a1-1cc5-4c06-79f3c641338e,2026-07-26T12:58:03.058005Z,410.76,0.1166,1,0.8486,0.0394,301,card,0.6562,borderline,legitimate
f00a677b-6273-5d9f-a775-33328d204178,2026-08-17T20:03:07.675212Z,364.74,0.1193,2,0.0835,0.0235,160,wallet,0.9125,normal,legitimate
95ab1093-3bee-4f0c-3f17-82d75c5511c8,2026-08-01T05:13:35.611555Z,86.86,0.1016,0,0.1308,0.0285,70,netbanking,0.9359,normal,legitimate
7a0f459a-e432-c68b-a1e7-738656c9d45f,2026-07-30T19:25:18.110990Z,980.47,0.813,1,0.8684,0.1688,384,card,0.7253,borderline,fraud
03feb045-9105-30bf-c506-92dd3fb18a69,2026-07-26T17:15:10.027669Z,4121.46,0.081,6,0.2652,0.013,865,UPI,0.9332,legitimate_but_unusual,legitimate
5433702a-04ee-1524-0146-19f2153808aa,2026-08-15T08:00:15.749767Z,191.18,0.202,1,0.0714,0.002,146,UPI,0.9632,normal,legitimate
5721f10f-eedf-76c9-a75f-338325d5a71c,2026-08-15T10:46:48.858364Z,411.91,0.103,0,0.2057,0.0037,348,card,0.8844,normal,legitimate
997cfe0b-11c7-0cb7-5f0c-b346d5aeee97,2026-08-21T09:31:44.842593Z,798.66,0.1608,0,0.2,0.0044,717,UPI,0.8888,normal,legitimate
20a0ecc5-36d8-30bd-b90f-998406ca2739,2026-08-22T14:07:43.535480Z,960.41,0.09,0,0.0674,0.0521,656,card,0.9951,normal,legitimate
04e62534-4636-05fe-5569-60c3f092077b,2026-08-18T13:23:40.223186Z,2579.5,0.0009,4,0.0156,0.0471,431,UPI,0.8988,borderline,legitimate
514e2c8e-c527-5705-919b-1db8d23e3ca7,2026-08-07T13:44:08.078340Z,235.74,0.1252,0,0.1161,0.0806,942,card,0.9484,normal,legitimate
0dd99d33-3b77-aecc-1d5b-e52922e53bd3,2026-08-01T06:39:12.254155Z,308.55,0.121,0,0.0411,0.0372,442,UPI,0.9618,normal,legitimate
9f9653fc-c566-8a8d-9f55-f73df6f8ba97,2026-07-26T03:25:56.400326Z,775.32,0.0416,0,0.1625,0.0481,719,UPI,0.9915,normal,legitimate
0df90f99-5e7f-2eba-2ff3-ffeb0e2d9853,2026-07-25T01:41:43.004799Z,874.5,0.0856,2,0.2465,0.041,147,card,0.8664,normal,legitimate
2128a850-c661-a6f2-bbf1-cd6decccc889,2026-07-30T18:26:19.277284Z,517.2,0.9134,3,0.7843,0.3428,14,wallet,0.3213,suspicious,fraud
f672ecdf-0c27-7b2f-8c6c-688711754b62,2026-08-04T15:16:59.600424Z,589.17,0.1967,0,0.1486,0.0945,653,UPI,0.8797,normal,legitimate
d94c14d2-aca5-2084-f599-138b99d21165,2026-08-17T03:16:01.850443Z,3555.15,0.993,5,0.7945,0.3971,26,netbanking,0.2363,fraud,fraud
ba262d4a-f26c-ddb1-55cc-45291b5766e1,2026-07-25T18:01:46.464940Z,651.85,0.0325,0,0.0354,0.0012,295,card,0.9856,normal,legitimate
90a9f63d-4b9a-501a-78eb-95fc2dcc2692,2026-08-06T20:19:01.433890Z,862.35,0.2167,0,0.1839,0.0048,90,UPI,0.9892,normal,legitimate
00fee11e-84fa-cf88-e898-f5750b42225b,2026-07-31T03:28:30.868891Z,182.88,0.0323,0,0.0807,0.0441,602,UPI,0.9056,normal,legitimate
2c7fd44e-3331-bf24-4ff5-65b4b10798f0,2026-08-08T21:37:05.323335Z,1035.14,0.1619,0,0.2344,0.0176,743,card,0.8514,normal,legitimate
3bafbceb-79d1-aef7-82cb-dc9d933b7a2f,2026-08-06T12:32:14.022836Z,233.98,0.0265,0,0.1294,0.0517,78,UPI,0.853,normal,legitimate
bf148c2e-bb93-01fe-1499-f32ea044139e,2026-07-24T18:35:34.480510Z,993.4,0.2227,0,0.0604,0.0217,373,UPI,0.9144,normal,legitimate
810e4f11-bb13-6bab-042a-e4ccab09e711,2026-08-10T22:01:15.874251Z,85.97,0.2183,0,0.1191,0.0205,619,UPI,0.9556,normal,legitimate
361a44cc-8853-86a4-2e52-5e658e9f2232,2026-08-15T17:52:50.406683Z,186.04,0.2147,0,0.0797,0.0224,208,UPI,0.9827,normal,legitimate
f6328a14-82fb-370d-f260-46861e8aab04,2026-07-31T17:27:56.126302Z,261.44,0.1712,0,0.0978,0.0029,1198,UPI,0.9826,normal,legitimate
fe1a5ec5-8db1-8d41-6663-697e1adb590a,2026-07-25T12:51:19.839847Z,867.61,0.1838,0,0.2147,0.0163,1008,UPI,0.8514,normal,legitimate
7f839939-094a-783b-27e8-435a9143b387,2026-07-26T03:03:21.699816Z,20924.45,0.835,6,0.8522,0.718,55,netbanking,0.0612,fraud,fraud
cfeee6a6-bcc3-94fe-a8b6-6939e36f092d,2026-07-26T15:42:46.989167Z,1516.4,0.224,0,0.0001,0.0098,717,UPI,0.9106,normal,legitimate
8a508427-fe7d-98ee-63ff-2b7b4c9b1552,2026-08-01T00:49:51.266879Z,1116.9,0.2064,1,0.0253,0.0108,798,card,0.9466,normal,legitimate
ae334a73-5171-f630-3915-b3bf4a84209d,2026-08-16T08:41:26.177933Z,1872.64,0.1319,0,0.0265,0.0027,1095,UPI,0.9874,normal,legitimate
e454e412-a3f6-c340-e264-c98d927606b2,2026-07-29T18:55:01.762520Z,536.65,0.1511,0,0.1516,0.0365,21,wallet,0.9477,normal,legitimate
84240871-a25c-aebc-d694-40e3dc22c18b,2026-07-29T09:21:44.757731Z,1887.4,0.0704,0,0.0265,0.017,331,card,0.966,normal,legitimate
ac7b51a6-84a3-81fe-8228-106c08aebc53,2026-07-30T14:27:55.491841Z,6494.21,0.7863,9,0.8332,0.4677,10,UPI,0.3247,fraud,fraud
b62b5cbe-68f5-dcfb-00a7-9a81477eda44,2026-08-17T17:54:40.597546Z,632.97,0.0595,0,0.0084,0.12,69,netbanking,0.9473,normal,legitimate
54fef4b1-91ee-03ad-426f-816729e65571,2026-08-10T18:16:37.947630Z,141.17,0.1734,0,0.2024,0.0086,1151,card,0.9398,normal,legitimate
704f8678-4c78-00d1-1f6a-36e570032f05,2026-07-27T10:35:19.274101Z,100.0,0.7322,1,0.1881,0.1745,363,wallet,0.6827,borderline,legitimate
f58a4f99-6ce2-f6b5-57bc-80c3c70484a7,2026-07-27T05:15:25.379203Z,913.7,0.086,0,0.7679,0.1581,205,UPI,0.7981,borderline,fraud
91242e39-64b5-8962-0510-34f1539d7d1a,2026-08-10T11:00:59.210623Z,2951.72,0.7373,3,0.1989,0.0129,33,netbanking,0.7877,borderline,fraud
7d3ba33b-c1ad-e16a-3621-3f06e2e24176,2026-08-04T14:31:16.768783Z,748.04,0.2499,0,0.207,0.0483,1114,UPI,0.8601,normal,legitimate
bdf050f6-f801-7566-be84-f75ffb854b7a,2026-07-29T16:12:16.086871Z,530.81,0.204,0,0.0087,0.12,717,UPI,0.97,normal,legitimate
a0ff7f08-4c5a-13d3-73b8-1d1499de985b,2026-08-06T21:45:16.419502Z,265.07,0.1892,0,0.114,0.0309,374,UPI,0.8765,normal,legitimate
f774f562-f024-818d-692c-6434814bbcc6,2026-08-14T02:14:39.176349Z,1240.8,0.9561,4,0.8531,0.1255,105,card,0.588,suspicious,fraud
dd7f203d-b04e-db00-0208-481cacada177,2026-08-04T18:12:23.150587Z,571.38,0.0194,0,0.1669,0.0244,410,netbanking,0.9982,normal,legitimate
4534c40c-2409-5fb6-95dd-87e6e9a4fba0,2026-08-18T18:18:49.862739Z,4304.55,0.1258,5,0.2051,0.0606,739,wallet,0.8975,legitimate_but_unusual,legitimate
3972ecae-d677-4300-19ae-2672e12db028,2026-08-06T03:23:50.056588Z,1796.9,0.1626,1,0.109,0.0375,877,UPI,0.9898,normal,legitimate
0f3e4536-8872-045f-4851-48a8a5cca8de,2026-08-21T22:00:10.726344Z,47.66,0.1595,0,0.0314,0.0586,1041,UPI,0.9493,normal,legitimate
e1b4847e-d5b3-bad1-8224-08d44b023ce1,2026-08-16T07:14:37.479690Z,297.37,0.0329,1,0.2295,0.0408,1135,UPI,0.9409,normal,legitimate
2569fcb4-d058-4ee5-566d-0c1057f45095,2026-08-21T10:17:27.998311Z,927.06,0.0656,0,0.0865,0.0246,246,UPI,0.9813,normal,legitimate
f965b4ce-f627-411f-5b3d-66e5d855365b,2026-07-25T18:50:33.236579Z,402.36,0.046,1,0.2405,0.0087,766,UPI,0.8928,normal,legitimate
b7c2f035-1de5-5087-3850-1bf5ddde1bcb,2026-08-20T08:38:30.925645Z,520.27,0.0194,0,0.0098,0.0826,1046,UPI,0.9043,normal,legitimate
62760842-0641-823a-fbb6-f4a88fd8c92c,2026-07-26T12:05:04.450410Z,1176.22,0.1709,0,0.1172,0.0564,58,UPI,0.9219,normal,legitimate
95027c3a-2492-1255-5fbd-0fff37e1df8a,2026-08-07T13:44:34.887915Z,4806.33,0.2454,0,0.0633,0.106,1105,UPI,0.9123,normal,legitimate
41923eb4-4a68-17ce-b2d1-843666e834e7,2026-07-30T17:12:10.181427Z,106.96,0.0511,0,0.0023,0.0777,783,UPI,0.9754,normal,legitimate
58b81f4d-8db6-14d3-caf4-2d9934730113,2026-08-17T06:17:27.062845Z,2563.66,0.2059,0,0.1746,0.0139,216,wallet,0.8667,normal,legitimate
4df1d11f-7407-d5ee-7721-1abbca8dadfd,2026-08-01T04:10:44.275665Z,2171.69,0.2027,1,0.123,0.0566,65,wallet,0.9358,normal,legitimate
2c5d7784-5681-c7b1-ae7d-306ea7850b15,2026-08-17T15:54:03.689619Z,765.72,0.2404,1,0.2472,0.0089,921,UPI,0.8766,normal,legitimate
927efb1e-ee86-a898-9b29-406ba783b18c,2026-08-18T07:48:54.471203Z,381.76,0.0821,0,0.2062,0.0317,322,UPI,0.9687,normal,legitimate
74bc165e-e1c9-2b1f-87bd-7311948b6d7a,2026-08-11T18:50:48.630468Z,891.88,0.1211,0,0.1126,0.0217,911,UPI,0.9685,normal,legitimate
c2872c21-d88d-5e43-435b-8800bd42bca9,2026-08-17T14:38:18.509082Z,500.0,0.8334,4,0.8574,0.0273,120,UPI,0.6189,suspicious,fraud
905159a8-7f12-dd4e-20ac-7c91afeae38a,2026-07-26T17:08:42.432402Z,1058.02,0.0422,0,0.0464,0.0215,910,UPI,0.9207,normal,legitimate
96899c4f-3d2e-39ab-d736-3f5324e379aa,2026-07-25T11:00:08.027369Z,263.8,0.0817,0,0.1635,0.0252,435,card,0.8958,normal,legitimate
be00614b-fc28-424e-d4c3-95629f8bdf30,2026-07-27T02:08:16.578851Z,249.3,0.1609,0,0.0056,0.0242,1042,wallet,0.8524,normal,legitimate
e81cc7e7-925f-ded8-4b90-5e170811db5a,2026-07-29T05:28:35.763853Z,133.68,0.0946,1,0.1129,0.0343,1032,wallet,0.9912,normal,legitimate
dd4656e8-e439-ab23-969d-d13fe618bb9a,2026-07-25T15:08:10.744485Z,1053.05,0.0515,1,0.1737,0.12,1075,UPI,0.9895,normal,legitimate
93de56f1-5cbf-7bd6-3e3e-4fa63595063b,2026-08-05T00:18:49.381349Z,755.2,0.042,0,0.216,0.0202,1072,UPI,0.8736,normal,legitimate
5f76cf84-d7c5-df8e-e80c-f9b3b3ce6167,2026-07-26T01:43:20.455694Z,419.69,0.0141,0,0.0737,0.0743,670,card,0.9114,normal,legitimate
85115c8d-d304-71f9-9aaa-a2d8aca6933a,2026-08-19T21:20:54.928736Z,778.92,0.8925,1,0.0588,0.0885,187,UPI,0.8651,borderline,fraud
f236a381-1f9f-462a-9f1e-33c47288bbfd,2026-08-22T10:37:11.086454Z,500.0,0.8428,4,0.7365,0.1604,6,UPI,0.472,suspicious,fraud
a09510f6-a7b4-c7a6-490f-c5e72a44e934,2026-07-28T12:50:05.354077Z,896.59,0.0269,1,0.0554,0.0888,1196,UPI,0.9903,normal,legitimate
f955e782-86cb-5301-385f-638023b0bda0,2026-07-27T08:29:58.488865Z,2622.92,0.0665,0,0.2219,0.048,647,netbanking,0.8645,normal,legitimate
97e13d12-e25d-f91a-978a-1903102c1b09,2026-08-13T01:01:12.175945Z,193.52,0.1951,1,0.0246,0.0021,457,UPI,0.8741,normal,legitimate
bb72de20-2dc9-96d1-12ee-a61a43966c9a,2026-08-10T19:29:13.394634Z,1018.23,0.1245,1,0.1847,0.0164,944,UPI,0.8936,normal,legitimate
81859be0-d9af-9252-1003-a3bd676c42d9,2026-07-27T04:39:08.629841Z,166.03,0.164,0,0.1393,0.0322,900,UPI,0.9448,normal,legitimate
1709275e-449f-6578-73cb-dea1619ec1fb,2026-07-26T05:20:12.416642Z,278.84,0.0588,0,0.0008,0.0104,927,UPI,0.85,normal,legitimate
7af24437-f21b-e3cc-b3fd-02250a6e76ab,2026-08-12T19:12:42.029577Z,2228.64,0.1461,0,0.23,0.4995,758,card,0.8264,merchant_anomaly,fraud
eadb0a11-90bf-f583-2141-51307b41d145,2026-08-21T06:28:07.268273Z,917.82,0.8194,3,0.9753,0.1235,106,UPI,0.3016,suspicious,fraud
c592e66a-2603-7afb-b7e5-0de13edd5ae2,2026-08-04T22:54:32.938113Z,1835.46,0.0904,0,0.0975,0.0752,15,UPI,0.8923,normal,legitimate
bb2d4704-e9e0-ab08-c6e4-0a7ff0e906c0,2026-08-09T17:19:51.365222Z,285.21,0.1277,4,0.2319,0.1713,576,wallet,0.7208,borderline,fraud
f8d5392f-f3e1-c790-3c76-bb5c8920cafa,2026-08-14T09:38:37.338602Z,379.34,0.0217,0,0.094,0.1033,112,netbanking,0.8986,normal,legitimate
8f06215b-b20d-9d28-e433-02c2551cc31e,2026-07-28T01:46:41.193546Z,1222.63,0.1844,0,0.1355,0.005,859,card,0.8683,normal,legitimate
b17c6a95-1b82-1444-db6a-e61364933f5c,2026-07-30T00:27:07.059298Z,1465.93,0.08,0,0.1797,0.0914,442,UPI,0.8971,normal,legitimate
ea4989d4-8f2f-70f6-c3d1-ad65f3d5c4f1,2026-08-02T21:02:50.131070Z,128.46,0.0264,0,0.2333,0.0105,575,card,0.9335,normal,legitimate
04db1803-c146-54fc-6da7-c44997326d10,2026-08-15T16:50:03.018662Z,8536.55,0.9701,5,0.9081,0.1281,107,UPI,0.6756,suspicious,fraud
fcb4ca0e-9e67-979e-37d4-edb1ce751f4c,2026-08-11T23:34:12.047228Z,204.93,0.0103,0,0.1937,0.0348,338,UPI,0.9093,normal,legitimate
3a3797c1-7cd8-a525-8ec3-6175f4d0e37c,2026-08-19T02:24:49.176615Z,1713.56,0.013,1,0.0616,0.0106,643,UPI,0.9518,normal,legitimate
08a8ca56-e81c-6447-62cc-655992a64ab3,2026-07-26T14:15:06.865851Z,203.17,0.1014,0,0.1389,0.12,642,UPI,0.9676,normal,legitimate
ca1db35d-b4f7-88db-e1b0-d231f36e8a51,2026-08-03T11:39:03.495013Z,616.58,0.0492,0,0.2411,0.7156,541,UPI,0.836,merchant_anomaly,fraud
ed71b853-8306-f9ec-6566-e7aa12102c70,2026-08-09T12:43:55.019764Z,2190.63,0.0475,0,0.0807,0.12,288,UPI,0.9634,normal,legitimate
9238fd0f-3e9e-d84f-25bf-2ae242558c41,2026-08-20T04:03:03.153359Z,862.88,0.0818,1,0.1407,0.0555,855,UPI,0.8845,normal,legitimate
53ef3e9b-fde0-a794-e2bc-5a026fec4d5f,2026-07-26T15:17:03.573051Z,736.15,0.1411,2,0.0702,0.0336,665,card,0.8886,normal,legitimate
9cfb9ddc-3630-5413-669f-34f282bed4c0,2026-08-02T15:44:31.373234Z,400.47,0.1598,0,0.2359,0.0107,176,UPI,0.8639,normal,legitimate
35b62d0d-5603-7608-e45f-5547df965658,2026-07-26T02:55:53.656559Z,691.23,0.2395,0,0.2183,0.0228,1169,card,0.9384,normal,legitimate
1412da18-78cd-1836-2675-15e7cf94fc9a,2026-08-03T20:11:12.981466Z,11831.34,0.9561,6,0.8446,0.763,34,UPI,0.1678,fraud,fraud
9062bd79-648a-fcb5-a3a8-038b75672de8,2026-08-19T16:52:54.136453Z,214.22,0.226,0,0.0715,0.0006,1169,UPI,0.8821,normal,legitimate
0ae2ca20-0942-320b-0eb3-985610e95d1c,2026-08-13T08:50:51.912317Z,666.43,0.2452,0,0.1621,0.12,395,card,0.8733,normal,legitimate
c39bc26d-2696-1860-5db0-c2c50936b1b5,2026-08-15T06:18:29.667443Z,278.59,0.7423,3,0.1365,0.149,275,netbanking,0.6709,borderline,legitimate
ccf33fb8-3d37-ee6f-ca31-e08e130d2cf5,2026-08-10T10:25:09.227615Z,2670.6,0.239,3,0.1152,0.0406,587,card,0.5107,borderline,legitimate
bbfb3f4d-7749-afbd-34dc-c3776207e7ac,2026-08-01T07:01:41.653167Z,4209.74,0.7461,5,0.0967,0.0362,406,UPI,0.5879,borderline,fraud
7c17627c-c3c3-0a9e-ef1b-bc4174e1e885,2026-08-10T02:28:39.479511Z,590.8,0.0601,0,0.1923,0.0024,781,UPI,0.9189,normal,legitimate
f23f6bdf-4472-7d60-5cf5-88d73f1f3476,2026-08-14T11:57:28.290022Z,229.85,0.1976,1,0.1373,0.0081,493,UPI,0.9855,normal,legitimate
2e38b03a-4349-b168-4b8b-e5b8ac0e9ac5,2026-08-01T17:11:21.489756Z,362.6,0.1665,0,0.0219,0.0018,727,card,0.8666,normal,legitimate
2b8e1c03-acb2-57fa-9ffa-49f8ac58568e,2026-07-29T17:04:27.155075Z,397.61,0.1489,0,0.2022,0.0644,214,UPI,0.9013,normal,legitimate
b336fe62-276d-ebd8-8aa6-88cd4d810b64,2026-08-14T02:04:01.722363Z,5912.27,0.8129,3,0.7274,0.0648,142,UPI,0.7072,suspicious,fraud
e45bdcc4-340e-e3b9-a42a-dcf1c912d0c1,2026-07-30T10:22:55.718142Z,112.93,0.0583,0,0.0444,0.12,336,UPI,0.8849,normal,legitimate
628a47ac-ac8d-de13-7661-7f464888e38a,2026-08-18T15:47:40.805144Z,317.45,0.2013,1,0.1016,0.0824,788,wallet,0.9291,normal,legitimate
c471fb31-fb6b-ed3a-3c9f-f2b82f23cb7f,2026-07-26T21:25:30.778632Z,83.84,0.0759,0,0.2308,0.0009,660,UPI,0.9739,normal,legitimate
d5b40cdf-cecd-1de7-e48e-8f0da669b743,2026-07-30T03:18:19.836189Z,5145.33,0.0498,4,0.195,0.1288,393,UPI,0.7071,borderline,fraud
03328f58-dbea-3fbc-6b65-fc5e7d8d89c4,2026-08-07T19:27:49.014372Z,389.17,0.1374,0,0.1293,0.0053,513,UPI,0.8724,normal,legitimate
28f071f9-e312-8c42-bf4e-78fc9a970774,2026-07-30T00:45:43.404425Z,252.37,0.1265,1,0.0534,0.031,1019,card,0.8771,normal,legitimate
49d45c4e-59a6-6c10-4e87-9c76a55028df,2026-08-02T17:35:48.383440Z,1488.93,0.7989,4,0.9428,0.1567,61,wallet,0.3315,suspicious,fraud
a5400238-66ee-8133-f2ef-dca4e76b782f,2026-08-19T00:26:36.664357Z,682.14,0.0767,1,0.0689,0.5356,459,UPI,0.8824,merchant_anomaly,fraud
3b2e9787-70b3-c542-0108-ea3d807b0aff,2026-07-26T13:51:12.940412Z,1652.25,0.1887,0,0.0465,0.0036,195,UPI,0.909,normal,legitimate
289c1324-9c94-d84b-0ec8-5ccd2cef4e2a,2026-07-25T05:46:39.348185Z,104.22,0.0471,0,0.2156,0.04,609,netbanking,0.8548,normal,legitimate
1593f7ff-8a2f-bcbc-edda-e8a4e5229eb0,2026-08-04T22:16:15.084927Z,30747.42,0.7847,3,0.8427,0.2496,30,UPI,0.6765,suspicious,legitimate
2a0824fe-e468-ee81-b657-9cbc2cd7d81a,2026-08-09T16:59:29.292146Z,736.38,0.0137,1,0.7312,0.1549,211,UPI,0.682,borderline,legitimate
deba0b4b-3603-f152-af43-76e5d1b74016,2026-08-02T22:33:11.497499Z,253.87,0.2037,0,0.1098,0.12,326,netbanking,0.8865,normal,legitimate
b10c257d-9623-b857-ab9d-b7aa25354188,2026-08-08T20:24:04.320092Z,347.78,0.1809,0,0.1507,0.12,1124,UPI,0.862,normal,legitimate
adc8a177-7338-89a9-b616-d4f26859d2bd,2026-08-09T02:28:51.020059Z,2084.38,0.8106,5,0.9555,0.4476,53,UPI,0.1477,fraud,fraud
7ff2b11a-6f8f-b1bc-74ec-7ce5839c93ea,2026-08-16T10:47:04.403425Z,5719.72,0.7721,5,0.9785,0.2421,133,UPI,0.5333,suspicious,fraud
66dce15f-b33d-eacb-5c03-62f30e95f52e,2026-07-24T14:00:30.157286Z,81.78,0.067,0,0.1248,0.0627,184,card,0.9111,normal,legitimate
eed35e63-5e1b-f429-9bcd-93accac78fa4,2026-08-22T22:24:55.608051Z,2886.87,0.109,0,0.1162,0.0134,1095,UPI,0.9573,normal,legitimate
53222c6c-70a7-9b04-1821-c20aa7c1e36b,2026-08-16T23:15:07.290091Z,682.92,0.1863,2,0.184,0.0061,23,UPI,0.9875,normal,legitimate
763553d4-7872-5d88-fbc5-1148123395a2,2026-08-17T02:18:25.511719Z,487.07,0.1654,0,0.0721,0.0804,499,netbanking,0.9685,normal,legitimate
6601c68e-43d3-798b-f225-e758804d4d2a,2026-08-19T12:33:15.925456Z,1099.19,0.0493,0,0.1488,0.0983,120,wallet,0.9169,normal,legitimate
ef3a1d17-8f58-60cc-6062-d6d5c86c9526,2026-07-26T06:26:48.392485Z,205.45,0.2287,0,0.2319,0.0458,1049,UPI,0.853,normal,legitimate
b4819efa-0c8b-9e08-1486-7e9a92ddf136,2026-08-21T00:28:30.136695Z,711.82,0.0373,0,0.0958,0.0595,1168,card,0.9601,normal,legitimate
a3194970-f964-8607-747c-aab9617b4065,2026-08-07T21:22:05.075965Z,724.89,0.0639,0,0.196,0.0174,1181,card,0.9443,normal,legitimate
7a707f1d-d287-6ff1-d71f-9d1b36bd3f44,2026-08-14T08:24:10.124846Z,1390.35,0.2426,6,0.1803,0.0871,949,card,0.9533,legitimate_but_unusual,legitimate
f7092a34-0b19-cd2f-49ee-f88507c01218,2026-08-15T17:16:37.880691Z,248.63,0.2246,0,0.2426,0.1076,855,card,0.9896,normal,legitimate
460e84b5-be5b-974b-3749-5c1bf0bc1ccb,2026-08-10T06:57:08.924702Z,892.93,0.166,0,0.0677,0.0167,928,UPI,0.9819,normal,legitimate
d1061691-8456-e65e-583f-5e72237f33e0,2026-08-21T00:55:21.572586Z,36635.08,0.352,1,0.1077,0.0886,883,UPI,0.9485,legitimate_but_unusual,legitimate
e95e65cb-7bdd-023e-8f9e-03b5653d6f7a,2026-08-20T18:22:57.660767Z,835.93,0.1918,0,0.1271,0.0082,426,card,0.8561,normal,legitimate
4c3e6809-1e62-a04a-26e2-ab4231953d52,2026-07-26T23:23:14.684643Z,2068.8,0.7466,3,0.0742,0.0527,371,UPI,0.7006,borderline,fraud
3e5350a6-14e3-23c4-67f8-fb30fdfc8550,2026-08-09T21:10:16.390082Z,2499.13,0.9039,3,0.7961,0.3173,51,card,0.7173,suspicious,fraud
96356a73-0087-701f-2d2b-fd1c6456643c,2026-08-01T22:37:22.819594Z,501.76,0.0393,0,0.1717,0.0105,279,card,0.9377,normal,legitimate
398b15d8-83bc-5dfb-c48c-a637864a11cc,2026-08-17T18:55:56.758152Z,200.4,0.786,0,0.1805,0.0489,66,UPI,0.5303,borderline,fraud
d1157b45-0b24-c566-766e-277f9e979b28,2026-08-21T05:06:57.798682Z,220.56,0.08,0,0.133,0.0497,554,UPI,0.8746,normal,legitimate
2bf48044-2edf-9019-3408-e2d549ae23b0,2026-08-22T03:02:24.988119Z,301.82,0.203,1,0.0023,0.0934,687,UPI,0.8748,normal,legitimate
5cb74b01-910b-af48-7fb7-2a296d532c4e,2026-07-26T15:28:25.852660Z,1496.89,0.2288,0,0.0383,0.0951,917,card,0.9009,normal,legitimate
6e86ff71-0d80-c997-f711-cb83e6885494,2026-08-08T04:49:51.797827Z,126.08,0.2416,0,0.0565,0.0131,429,UPI,0.9938,normal,legitimate
31e3ded6-0737-8b77-a857-fa0085892257,2026-08-21T10:36:50.417003Z,790.8,0.0131,0,0.0432,0.0174,200,UPI,0.9273,normal,legitimate
71585b43-ecfa-7757-41e6-315c68498361,2026-08-11T09:04:26.103750Z,337.0,0.2369,1,0.1007,0.0619,89,UPI,0.8565,normal,legitimate
78f5593a-1a05-cfa5-bdef-566d781a2200,2026-07-25T18:59:08.743800Z,624.24,0.2032,0,0.0676,0.0507,33,UPI,0.9779,normal,legitimate
91d68370-dccb-1a47-3bd7-0c1bbe89f8d9,2026-08-11T20:58:55.725996Z,271.3,0.1076,1,0.0621,0.0166,1115,UPI,0.9949,normal,legitimate
a1e6c51e-a475-862e-853c-fd43866d7d6f,2026-08-22T13:01:04.659650Z,502.3,0.0018,0,0.1921,0.0313,775,card,0.8922,normal,legitimate
d8906afc-2c05-8697-8364-ddc023e7a759,2026-07-29T11:22:25.543008Z,2341.69,0.183,0,0.2121,0.0144,611,card,0.9188,normal,legitimate
55ddce07-3079-1040-b3a6-8f09a912f109,2026-07-27T11:35:03.410474Z,1012.55,0.1729,0,0.1284,0.0454,236,UPI,0.9995,normal,legitimate
56a37e47-7f62-bb13-bee8-93a442262357,2026-08-16T13:03:41.839120Z,858.31,0.1359,0,0.0249,0.0197,851,UPI,0.9431,normal,legitimate
f6b14662-c1cf-2788-cd47-268b34f30d11,2026-08-01T12:07:28.664326Z,657.15,0.2125,0,0.1029,0.0324,347,card,0.8592,normal,legitimate
08ca9fb4-48c6-e35e-19b2-2dd4b055b743,2026-07-28T23:44:58.737615Z,500.0,0.9706,6,0.8165,0.3344,63,card,0.6627,suspicious,fraud
879ed823-d2b5-253d-7b4d-dd4669713a78,2026-08-17T18:49:09.603049Z,17.65,0.1425,0,0.087,0.0085,1088,UPI,0.9472,normal,legitimate
6692ff68-e907-158b-24fe-39256900aa47,2026-08-15T08:43:31.141026Z,12439.92,0.9576,4,0.9869,0.6015,40,card,0.2263,fraud,fraud
98c7a35b-5f58-643e-fe5c-94e15517ae41,2026-08-11T11:01:24.810746Z,10863.94,0.9617,6,0.9775,0.2609,168,UPI,0.4476,suspicious,fraud
6842e9ef-a351-234c-4754-e3e449f0dae7,2026-07-29T12:19:30.838384Z,2103.0,0.847,1,0.8141,0.0601,286,UPI,0.6115,borderline,legitimate
7f1c96a8-c8a0-26cf-7e2c-20c400a169e2,2026-08-20T12:30:06.532594Z,487.06,0.1258,0,0.1138,0.0627,759,card,0.9523,normal,legitimate
ebf2936e-586b-e705-30fe-8d4adaa15786,2026-07-24T19:59:25.290253Z,568.83,0.1148,0,0.095,0.0201,191,UPI,0.8933,normal,legitimate
06185403-4911-1ca2-06e3-e315a03e64bc,2026-08-02T23:12:00.548033Z,275.26,0.234,0,0.0112,0.0519,390,UPI,0.9986,normal,legitimate
1c6b120a-003c-d7a3-7698-421f22048639,2026-08-08T16:15:19.368854Z,5393.84,0.1315,0,0.0557,0.0418,175,card,0.9628,normal,legitimate
2ec7089d-9827-4feb-c1f9-116b09002f15,2026-07-30T03:39:56.259104Z,210.19,0.1906,0,0.1122,0.0678,774,UPI,0.9901,normal,legitimate
c3966926-2162-5add-33f6-1d536f92543e,2026-08-12T12:35:24.845117Z,306.99,0.1556,0,0.1804,0.0429,629,card,0.9221,normal,legitimate
815054b8-9abd-1f03-5e40-22a4728a3399,2026-08-01T17:28:27.270591Z,619.95,0.2057,0,0.167,0.0707,810,card,0.9162,normal,legitimate
de44a24b-87ee-50c8-ffce-ebc467e1533a,2026-08-13T06:46:27.743051Z,79.4,0.2136,0,0.0412,0.0608,255,card,0.9638,normal,legitimate
ad820de3-7048-4103-77db-53a594ef0efe,2026-08-13T10:31:15.244616Z,116.93,0.0167,1,0.0456,0.0155,1109,netbanking,0.9723,normal,legitimate
6e73f2c4-08cc-3802-9c89-bce9cde67302,2026-08-14T14:05:35.825886Z,5808.94,0.1185,5,0.835,0.0403,314,UPI,0.6421,borderline,legitimate
f99ae39e-124b-2176-a430-8933e6e316bb,2026-08-19T15:15:17.486070Z,250.9,0.1279,1,0.0264,0.0242,86,card,0.972,normal,legitimate
c9ea53de-9dbc-d690-774a-c87c3a0841fc,2026-08-03T06:56:30.829162Z,169.35,0.1009,0,0.1264,0.0269,1010,UPI,0.982,normal,legitimate
e7a6e0c0-8732-e5ef-841f-d8c4bbc869d2,2026-08-20T12:06:12.324130Z,1181.15,0.2395,0,0.1957,0.0039,1047,UPI,0.9034,normal,legitimate
baf38e02-36fe-72c1-1a4a-52c8eb97b49a,2026-08-23T11:42:41.198131Z,771.26,0.069,3,0.8848,0.1843,376,UPI,0.6851,borderline,legitimate
7eeacb74-a361-a4a9-5142-7a5ee4f99f17,2026-08-18T07:37:10.173631Z,193.74,0.2203,0,0.124,0.0781,71,card,0.9742,normal,legitimate
17badde2-f503-9b37-e2c0-d197995c4823,2026-08-13T21:04:05.878757Z,161.23,0.1887,0,0.2136,0.1054,188,UPI,0.948,normal,legitimate
d76079df-5201-26c2-0717-73bbde2f92a3,2026-08-04T02:35:23.131396Z,908.83,0.1807,1,0.2281,0.0349,172,UPI,0.9215,normal,legitimate
e8833dcc-16bd-3351-5263-826f6c4570de,2026-08-09T13:15:00.542466Z,98.84,0.0716,0,0.1543,0.0414,1032,card,0.913,normal,legitimate
12c4ad03-22f8-ef63-6a2d-5705a1e5ca75,2026-08-20T02:45:28.946040Z,2976.84,0.9682,6,0.9209,0.6736,45,card,0.1997,fraud,fraud
3d162573-ff82-71a7-fcc7-d231e239af5a,2026-08-12T05:19:50.027937Z,372.4,0.2335,0,0.0365,0.0315,773,netbanking,0.9418,normal,legitimate
59ae491b-bd1f-3c59-db8c-68a8c10fc728,2026-08-09T07:48:34.772818Z,134.97,0.1793,0,0.1865,0.0446,783,UPI,0.9085,normal,legitimate
8b7cdf37-baa8-d7f4-f9a7-30f3240749cc,2026-08-04T19:47:59.347555Z,359.5,0.2005,0,0.0783,0.0369,491,card,0.9914,normal,legitimate
7d70dd68-8ab9-9298-30f3-ab4f702bec19,2026-08-18T21:49:58.347142Z,3808.3,0.0276,0,0.1931,0.0157,1061,wallet,0.8697,normal,legitimate
09d74556-4b2b-5dab-5db3-31d4684d5025,2026-08-08T11:18:22.687471Z,766.84,0.0208,0,0.0216,0.0059,814,UPI,0.9455,normal,legitimate
0aa691da-5ed3-5064-9b36-f23debadbba8,2026-08-23T10:48:34.590072Z,253.59,0.06,2,0.0037,0.0348,729,UPI,0.9781,normal,legitimate
ea218942-40ff-52cf-3084-5e58ae7e88f2,2026-08-22T22:32:18.014065Z,1287.86,0.1872,0,0.1344,0.0227,512,card,0.9892,normal,legitimate
22155c9c-af45-8d72-ecda-da4753f76a79,2026-08-17T20:29:49.275636Z,184.3,0.2486,0,0.0268,0.0278,244,UPI,0.8972,normal,legitimate
bb7770ce-3a12-215b-89be-9075624262fa,2026-08-15T10:50:10.406672Z,1286.26,0.0346,0,0.0472,0.0458,1113,UPI,0.8737,normal,legitimate
984a723b-9008-f95a-e084-4ae6ee2b3864,2026-08-01T11:32:17.122175Z,520.85,0.2013,0,0.1391,0.0108,933,UPI,0.9209,normal,legitimate
680b8cf9-3a64-477e-82be-7ba69bebde14,2026-08-07T14:01:08.569332Z,3038.37,0.0243,0,0.1263,0.0304,873,UPI,0.9447,normal,legitimate
031abfb4-a450-e3bd-a9d5-d890e40bfe5c,2026-08-18T10:51:01.772610Z,11815.27,0.7229,3,0.7322,0.0571,157,card,0.6797,suspicious,fraud
5d6e4f59-5ea4-501b-309f-f5ed4446c9d9,2026-08-01T02:50:30.741485Z,329.62,0.0922,1,0.0819,0.0136,822,card,0.909,normal,legitimate
a1002dad-9d3e-7099-51c2-13ce9237269a,2026-08-14T01:10:40.858549Z,716.88,0.14,0,0.2014,0.0011,19,UPI,0.9584,normal,legitimate
c98ce4aa-585b-3dcf-9100-7518929343c4,2026-08-10T13:20:10.911990Z,1240.21,0.0617,0,0.169,0.12,590,card,0.9417,normal,legitimate
4cfa2791-9e4c-e749-e801-0bbdca9bee1b,2026-08-09T12:31:54.095566Z,100.66,0.1862,0,0.1381,0.063,1153,UPI,0.8585,normal,legitimate
6d77bac1-7333-0dc1-d578-f6848e169804,2026-08-15T12:40:12.644351Z,209.1,0.0845,0,0.0741,0.0169,544,UPI,0.9023,normal,legitimate
9531fd0e-97c2-06b2-6ca4-90554bf4f4be,2026-08-14T03:17:48.131195Z,1538.07,0.1405,2,0.1952,0.0016,350,UPI,0.8823,normal,legitimate
a7c9e953-ccb7-1279-9653-9166b37fc00c,2026-08-18T10:42:20.927143Z,4152.35,0.8812,4,0.9003,0.2792,113,netbanking,0.3365,suspicious,fraud
31ca8a63-094c-ace1-4e9a-d6d92436df57,2026-08-09T19:44:13.011736Z,4027.94,0.9898,5,0.8568,0.0495,88,UPI,0.6896,suspicious,fraud
bafb4bed-e3f4-d9bf-85fb-75555edc64a5,2026-08-17T22:54:19.937049Z,4636.76,0.9239,4,0.8775,0.0555,165,UPI,0.6846,suspicious,fraud
2cd9a205-8daa-3306-2a32-3e36739233eb,2026-08-10T06:45:22.488083Z,500.0,0.9482,5,0.8479,0.0354,184,card,0.351,suspicious,legitimate
37306472-2bde-74f3-d3b6-d06d5ffd5ea5,2026-08-04T18:21:47.618930Z,281.6,0.1219,0,0.727,0.0381,563,netbanking,0.5941,borderline,legitimate
2f4c5233-fee9-01ff-48bd-f81b4787390f,2026-08-20T03:05:44.465068Z,575.7,0.2271,0,0.0623,0.0111,922,UPI,0.9959,normal,legitimate
ded6e981-804e-b4e6-a575-29ed8db69ef8,2026-08-13T11:49:38.180794Z,1697.42,0.7525,0,0.2318,0.1696,177,netbanking,0.8015,borderline,legitimate
f9deff04-7479-84a1-873a-d33e4874dc18,2026-08-22T00:50:12.432899Z,2543.88,0.1945,3,0.1398,0.085,116,card,0.7174,borderline,fraud
7404d2e8-61f7-5f99-0a61-deb835677c5a,2026-08-19T17:25:05.176623Z,3264.43,0.0917,0,0.2341,0.0898,919,UPI,0.9505,normal,legitimate
a54d9e75-29ea-7364-14d8-f6c829facaf4,2026-08-12T13:19:18.312659Z,29.51,0.1228,1,0.1831,0.0211,401,UPI,0.8667,normal,legitimate
7ad0d53c-9031-fe3d-fe62-6cba25919acd,2026-07-26T04:24:38.008195Z,7261.31,0.044,0,0.2391,0.1166,545,UPI,0.9782,normal,legitimate
a6ef14f1-0117-a569-be93-27ab1c8f66a5,2026-08-18T08:45:59.662349Z,558.59,0.159,0,0.0154,0.0074,1018,UPI,0.9159,normal,legitimate
bdc9bf18-9d5a-356c-7882-4b7336e861d2,2026-08-11T01:53:50.564686Z,1150.47,0.0498,0,0.0059,0.0021,885,UPI,0.986,normal,legitimate
7dcfb467-3696-2344-1ae4-f6e7758ea305,2026-08-20T20:36:22.284427Z,350.3,0.2329,1,0.1126,0.0557,100,wallet,0.9734,normal,legitimate
5d1b47de-d4b6-f5f5-9ec0-27bab9e7786a,2026-08-07T17:05:28.974311Z,224.18,0.2321,0,0.1879,0.0475,1153,UPI,0.9387,normal,legitimate
4ddda768-e40a-a7f3-957d-4b511d10f601,2026-08-20T01:04:34.939976Z,935.2,0.7387,6,0.8089,0.0978,193,card,0.4659,suspicious,fraud
b8bf26a2-f4ab-011b-850a-18df1b73df74,2026-07-25T18:03:54.399154Z,118.0,0.2147,0,0.0955,0.0083,563,UPI,0.9523,normal,legitimate
a09f6fb2-889d-f922-2aff-d5b3f5307bb5,2026-07-27T05:38:13.782584Z,533.36,0.1343,0,0.1968,0.0084,958,card,0.9424,normal,legitimate
98ce1f41-d16e-bf00-9067-a25c3c1a2e0a,2026-08-17T18:06:52.050532Z,154.79,0.0428,0,0.0467,0.0188,1044,card,0.9324,normal,legitimate
1c6f0d0b-0cbf-5aba-d14d-312a0133a21b,2026-08-13T13:51:12.219190Z,2485.1,0.0023,0,0.1791,0.0258,1091,UPI,0.9412,normal,legitimate
374b9345-01e2-c597-51c6-35fe5d9b0b84,2026-08-12T00:59:27.833781Z,2011.97,0.1577,4,0.1748,0.0665,162,UPI,0.6248,borderline,fraud
a0d4b120-f4c3-c59b-0f2b-79d3cb29c081,2026-08-11T07:15:33.265714Z,779.46,0.0656,0,0.0666,0.0203,1092,card,0.963,normal,legitimate
641f6050-227c-5879-566c-6ee3855ab271,2026-08-19T05:34:52.658703Z,120.49,0.1193,0,0.2457,0.0231,88,UPI,0.8992,normal,legitimate
183eea3f-d1d9-42e7-58f4-4a7d0bd58ba5,2026-08-04T04:11:46.615028Z,292.04,0.0317,0,0.1517,0.12,735,UPI,0.9917,normal,legitimate
f48eb57c-3542-55cc-e31d-2e011069ee21,2026-07-30T01:05:19.251025Z,1000.0,0.9673,5,0.8987,0.293,2,card,0.19,fraud,fraud
2ef2651d-0008-0db5-5998-519c8d328dc4,2026-08-01T00:05:06.098603Z,46.02,0.0018,0,0.026,0.0683,892,card,0.9805,normal,legitimate
d718a320-b3fb-9c9a-b79e-b4650ef89580,2026-08-01T16:58:50.002272Z,1820.05,0.1417,0,0.124,0.12,1090,UPI,0.9234,normal,legitimate
1052258b-6106-e79c-c5f3-eb14edc5e439,2026-08-15T06:52:56.743867Z,434.5,0.2046,0,0.2373,0.0059,1149,UPI,0.8823,normal,legitimate
bb1b1011-56cf-5b73-5763-b684acdce8e1,2026-08-12T19:52:59.615416Z,168.93,0.2415,0,0.2372,0.011,708,UPI,0.8663,normal,legitimate
c8fbc58d-c049-7d82-4ad7-364e42f345d3,2026-08-11T09:51:14.816384Z,1164.54,0.0671,0,0.096,0.0168,1052,card,0.8754,normal,legitimate
5611e2c1-edac-ebd4-9a98-15cba94b2536,2026-08-05T21:42:51.133051Z,65601.74,0.676,1,0.0174,0.0236,728,card,0.9788,legitimate_but_unusual,legitimate
0b79bb99-ecb6-12a2-f8d7-3faa34bb887e,2026-08-03T13:01:10.140275Z,540.44,0.0088,0,0.0281,0.0228,1008,netbanking,0.8738,normal,legitimate
c9cb4ebd-e01c-61c1-e63e-867eb1826e23,2026-08-06T10:49:44.120972Z,8245.39,0.9605,4,0.9194,0.0267,143,UPI,0.4092,suspicious,fraud
1f144c01-0619-6898-d6f4-9468d6b7c8e7,2026-08-01T20:42:28.023276Z,7318.2,0.812,4,0.7263,0.2199,39,UPI,0.5798,suspicious,fraud
4d378f36-d5ee-e103-7d42-10dea420d7ba,2026-07-27T04:29:57.455068Z,712.78,0.2324,4,0.2059,0.0202,71,card,0.8256,borderline,fraud
71fd84b5-cb62-69ef-07d5-f7de478f85f2,2026-08-07T05:25:49.175896Z,375.74,0.0844,0,0.0102,0.0275,218,card,0.9989,normal,legitimate
16680466-f996-4d0c-095a-a89df536fbf2,2026-07-28T03:28:13.975560Z,217.55,0.0643,0,0.0717,0.0061,1172,UPI,0.8712,normal,legitimate
7b93a71b-60bb-ef48-5992-bf5626777d76,2026-08-18T00:33:47.244208Z,191.56,0.102,0,0.2386,0.0776,240,card,0.9248,normal,legitimate
20f971c5-7a31-209b-0497-f412e90d22ed,2026-07-25T08:29:47.559501Z,181.96,0.0044,0,0.1602,0.0218,315,card,0.8797,normal,legitimate
2abf4301-7d00-7304-e1ef-a9f3d8b0b852,2026-08-08T18:58:57.775197Z,1583.19,0.0674,0,0.1153,0.0025,287,UPI,0.8524,normal,legitimate
db1f5057-b81f-37bc-d899-0c1db1b78535,2026-07-26T11:01:08.158566Z,868.36,0.0582,0,0.2026,0.0186,995,UPI,0.9883,normal,legitimate
a2f32b73-a9be-4acc-51ee-49d4933d4d5d,2026-08-17T08:25:26.225358Z,1964.59,0.1685,4,0.1111,0.0303,1235,card,0.9106,legitimate_but_unusual,legitimate
83bd32b0-7016-d82a-6c47-fb23b1a5d6f8,2026-08-18T23:45:31.685720Z,542.87,0.1999,0,0.1935,0.0708,744,netbanking,0.9783,normal,legitimate
a6150a89-8463-739e-4078-17370cecd052,2026-08-12T07:43:19.612713Z,1107.48,0.2312,0,0.084,0.0053,1126,UPI,0.8675,normal,legitimate
1a0f2420-f57d-4a93-b4ae-5604a9f68d13,2026-08-22T11:37:09.950596Z,632.44,0.1184,0,0.0266,0.0197,1082,UPI,0.8511,normal,legitimate
047d8f8a-2f68-9eb7-988f-58dec2e71f40,2026-08-05T01:31:03.839958Z,89956.66,0.6823,0,0.0885,0.0996,1009,card,0.9086,legitimate_but_unusual,legitimate
cb4107df-905d-963b-26d2-1cc48881b1ce,2026-08-16T17:12:30.338688Z,1211.48,0.2008,2,0.0448,0.1099,131,UPI,0.8572,normal,legitimate
a6bfe581-b6c0-2493-280c-cddf26569807,2026-08-18T02:32:01.140218Z,75.23,0.1124,0,0.2067,0.0219,946,UPI,0.9933,normal,legitimate
116dc62f-a503-1598-2079-a17f1a0473c1,2026-08-01T01:32:07.201285Z,6424.23,0.755,5,0.8476,0.9299,7,UPI,0.2685,fraud,fraud
dfeac6a3-78cb-0430-1b16-8313dfaf82c4,2026-08-23T05:45:11.064849Z,1776.2,0.1123,5,0.1476,0.0125,237,UPI,0.8743,legitimate_but_unusual,legitimate
49c142f3-388e-c8b0-366f-2d72f0f57385,2026-08-04T00:12:48.717453Z,1649.66,0.2186,0,0.2358,0.022,768,wallet,0.8585,normal,legitimate
de94ae1c-0540-88e5-41dd-d965d3a17493,2026-07-31T19:05:13.982220Z,286.93,0.0597,0,0.0225,0.0141,299,UPI,0.99,normal,legitimate
b48f6a4e-e527-9bdc-79ee-fac91df41c97,2026-08-18T16:00:17.086713Z,1533.08,0.2126,0,0.0889,0.0429,1021,UPI,0.8806,normal,legitimate
c771a716-cd9d-0892-d6ee-2b32fb645585,2026-07-25T01:56:47.709800Z,522.05,0.1366,0,0.0772,0.0818,171,UPI,0.9235,normal,legitimate
aef90cf6-7d3a-ce26-f315-b5639087eb07,2026-08-19T07:46:36.318451Z,610.66,0.2331,0,0.2347,0.0044,240,UPI,0.8526,normal,legitimate
99782efb-85f5-a103-03e5-aa306b0253d4,2026-08-23T13:40:53.566825Z,675.0,0.1554,2,0.2326,0.0194,1027,card,0.9772,normal,legitimate
70dea5a5-e2a6-064e-4088-3a0ea248337b,2026-08-12T22:37:12.968014Z,8767.27,0.8216,6,0.8324,0.8853,51,UPI,0.187,fraud,fraud
67bc6319-e2f5-a631-df54-c8663fa73be1,2026-08-13T18:12:18.824850Z,2103.54,0.0215,0,0.2496,0.0009,77,netbanking,0.9257,normal,legitimate
cb746379-8fab-6404-d9a8-0b19d9d96bc3,2026-07-28T03:07:02.668978Z,312.11,0.2281,0,0.0686,0.0392,498,UPI,0.9177,normal,legitimate
69fa681d-53d2-5f78-8762-aa9491687520,2026-07-25T13:34:07.410846Z,989.43,0.9733,5,0.9702,0.1951,193,UPI,0.3831,suspicious,fraud
3766dde3-4053-0cc3-c06c-8b582e4a57f2,2026-08-18T18:39:25.764474Z,923.07,0.0782,0,0.0858,0.0562,719,UPI,0.8543,normal,legitimate
73409dda-ac9b-cf00-501f-6c705009e4a3,2026-08-20T03:58:55.194045Z,168.89,0.1953,0,0.0562,0.0942,1061,UPI,0.934,normal,legitimate
51773848-65bf-4bd0-8c89-cc8917aa3520,2026-07-30T22:46:06.555642Z,1673.76,0.8233,3,0.0071,0.0223,512,UPI,0.631,borderline,fraud
a8e8d6a4-d830-b7f5-79e1-c18776f06e7a,2026-08-13T07:52:30.264579Z,1190.05,0.2114,0,0.1771,0.0199,846,card,0.9988,normal,legitimate
f4054a1b-4888-2958-c83a-3c132789fe59,2026-08-03T20:42:16.219786Z,591.84,0.194,0,0.2079,0.0003,823,UPI,0.9292,normal,legitimate
a14d44f5-b49d-38c2-785d-315e133caaad,2026-08-13T19:17:39.630200Z,285.75,0.0021,0,0.0504,0.0517,948,card,0.8906,normal,legitimate
5ace691c-6145-c763-773b-72722d1a2761,2026-08-16T20:10:32.582356Z,630.29,0.0889,0,0.1069,0.0207,247,card,0.8579,normal,legitimate
bf064d0d-f2e8-42cb-3e87-49c9302a4c7f,2026-08-15T10:51:58.911812Z,342.05,0.1664,0,0.1753,0.0088,50,card,0.9441,normal,legitimate
bb324ea2-bf91-5202-577b-3c8a6cf994d1,2026-08-05T19:52:09.182726Z,349.68,0.0743,0,0.2357,0.0883,126,netbanking,0.9039,normal,legitimate
2f8be284-c1f5-dfd8-c5a9-ab7a9b670bea,2026-08-09T20:04:04.419382Z,196.84,0.0018,0,0.1359,0.0065,862,UPI,0.981,normal,legitimate
9921cb73-7e83-1c7b-0282-c1a47edc6e0a,2026-08-07T08:26:13.819019Z,979.24,0.1659,0,0.0571,0.0166,292,netbanking,0.8794,normal,legitimate
a5933d39-74b4-b36f-85c0-95f6390857cd,2026-07-29T16:54:36.077706Z,477.55,0.1991,0,0.0723,0.033,228,UPI,0.9812,normal,legitimate
f193d9ff-bf42-de9a-c59f-570c3ec26f51,2026-08-09T08:20:19.036666Z,2119.39,0.1345,0,0.1302,0.0441,456,wallet,0.9482,normal,legitimate
6c6a430f-cf14-40f6-3eef-aa48f3423146,2026-08-13T17:35:00.495497Z,740.39,0.2367,0,0.1072,0.5128,89,card,0.9968,merchant_anomaly,legitimate
ae76a0e0-5457-a5e9-f8d4-fa4b53d787a7,2026-08-02T19:11:24.138646Z,1684.95,0.7945,1,0.0804,0.0767,592,UPI,0.8904,borderline,fraud
8c11597e-bf56-e8ac-0a3b-c7b3ed857b0b,2026-08-18T03:14:02.061028Z,81.7,0.2092,0,0.0267,0.0257,512,UPI,0.9375,normal,legitimate
6edf2040-0c80-b931-0697-8e5a8a5b4598,2026-08-06T05:49:04.634538Z,2887.07,0.7854,5,0.7955,0.3066,31,wallet,0.5725,suspicious,fraud
8bf69d8a-357e-4bab-00a2-f8e77f8a3842,2026-07-29T12:29:06.976199Z,1298.12,0.8237,3,0.9476,0.1088,105,card,0.7289,suspicious,fraud
52e94c89-6727-c99b-5a2f-89fdb2787c57,2026-08-02T10:52:27.018217Z,2217.76,0.0876,5,0.0832,0.19,339,UPI,0.7319,borderline,fraud
1cfab821-d4b0-6faf-ced1-d9b9b3d98417,2026-08-13T13:57:08.441689Z,3616.94,0.0189,0,0.0966,0.0627,22,wallet,0.9995,normal,legitimate
f5b7ec07-6a91-f6ec-bf19-5363dabf056a,2026-08-19T00:51:58.582603Z,5532.28,0.0791,0,0.1843,0.0145,691,UPI,0.9617,normal,legitimate
f6208829-7f4e-3c21-1a3f-3a03441fd6af,2026-08-16T03:15:28.204290Z,844.75,0.1892,0,0.2387,0.0367,80,UPI,0.862,normal,legitimate
14654d53-2f53-c72d-930f-1abff7e5d05d,2026-07-26T16:28:40.297950Z,1391.85,0.1641,1,0.229,0.022,463,card,0.9877,normal,legitimate
a607af2a-4fa8-d6b3-4160-21728708bdae,2026-08-21T11:03:33.188310Z,925.13,0.7423,5,0.8655,0.1903,183,UPI,0.6147,suspicious,fraud
50b2e8d9-7194-bf0f-27ec-c17e2c2506e2,2026-08-05T11:50:03.684442Z,130.04,0.014,1,0.1428,0.0099,228,card,0.8839,normal,legitimate
c10f4f1d-4395-50aa-dd43-4362a00ee4cc,2026-08-18T07:31:56.359270Z,277.14,0.0581,0,0.2227,0.1183,1118,UPI,0.955,normal,legitimate
4a27fa97-cce7-4399-09f5-97028d238d80,2026-08-18T09:20:17.390041Z,514.5,0.1075,0,0.095,0.0053,574,UPI,0.9585,normal,legitimate
394fd609-ff6f-c840-bbdf-d9e6e7c8fac7,2026-08-12T15:52:37.327135Z,241.36,0.1509,0,0.128,0.0197,742,UPI,0.9332,normal,legitimate
090c1a8e-9485-0abe-7f8f-aabb2d99abd0,2026-08-13T18:23:25.880557Z,210.95,0.1257,0,0.216,0.1173,1159,netbanking,0.9314,normal,legitimate
a328dd93-e4e1-c446-54fe-73a2471cf64f,2026-08-15T17:19:28.855654Z,2269.09,0.1714,1,0.0808,0.0372,972,UPI,0.8626,normal,legitimate
ba1629c5-aec8-f061-ddbe-a1cee8ca235e,2026-08-22T12:48:39.837626Z,425.31,0.1117,1,0.123,0.0297,924,netbanking,0.8945,normal,legitimate
f2256a38-520d-1a30-1424-4939cfd6b990,2026-07-30T16:58:04.961575Z,13084.22,0.9882,4,0.8949,0.6181,60,wallet,0.2535,fraud,fraud
91e52a4c-25b9-6aab-f1af-8715aac06438,2026-08-01T20:32:14.307436Z,1481.31,0.7574,7,0.8443,0.2193,146,UPI,0.6881,suspicious,fraud
e8363a60-dc6e-349d-b365-fc649c770cdc,2026-08-12T13:14:35.342229Z,380.96,0.0487,0,0.2116,0.0817,461,UPI,0.958,normal,legitimate
dfbb58b2-eda1-ae76-6b8c-a13c9c7fe6a5,2026-08-10T19:42:33.479234Z,2484.14,0.8989,1,0.9276,0.1432,136,UPI,0.508,borderline,legitimate
1f1f40f7-7fb0-3d1f-5f2e-b86e5b702398,2026-08-11T19:34:54.954584Z,1769.56,0.2103,0,0.0106,0.0429,379,UPI,0.9073,normal,legitimate
afb2e9de-0c1b-9fc0-486a-4ac8f4ce2917,2026-08-09T11:33:26.001323Z,3297.4,0.0608,0,0.1942,0.0229,372,UPI,0.9148,normal,legitimate
532fc023-9698-3020-7f59-ac077d96f921,2026-08-08T21:05:41.592755Z,3429.45,0.1443,1,0.2465,0.0538,305,UPI,0.9633,normal,legitimate
e9926942-fe3b-3ad3-8185-3361c272f15c,2026-08-03T00:44:28.608374Z,454.38,0.2121,1,0.1205,0.1029,191,UPI,0.9468,normal,legitimate
ef9f6e0e-36bb-4a13-0572-5edddb3114b1,2026-07-30T07:56:48.915345Z,232.55,0.1795,1,0.1385,0.0124,788,card,0.8562,normal,legitimate
e01c84e8-80d9-64a2-92ed-533d7db642ae,2026-07-26T03:12:05.326537Z,571.86,0.0084,0,0.1762,0.0089,493,UPI,0.9325,normal,legitimate
1d46f2ab-5dc8-0d12-df82-0a2d3bedfd2b,2026-08-07T18:40:43.805023Z,367.27,0.2158,5,0.8381,0.0154,209,card,0.8429,borderline,legitimate
a1fd7419-221f-29ce-5f88-403e57541dfd,2026-08-02T19:36:46.795717Z,3542.28,0.1751,0,0.0048,0.0064,666,card,0.9668,normal,legitimate
8b094227-d928-6fe9-8c28-1396671e9d23,2026-08-01T19:19:53.559575Z,147.26,0.1711,0,0.1009,0.12,91,card,0.9814,normal,legitimate
4425a0a8-ec3f-18af-0312-b6290f6ca89d,2026-07-28T08:41:15.869015Z,564.6,0.1567,2,0.1694,0.0561,472,UPI,0.867,normal,legitimate
605ce889-29c6-0664-f3a3-707fe24860cc,2026-08-15T14:47:58.671940Z,166.97,0.1236,0,0.0594,0.0444,525,UPI,0.9427,normal,legitimate
46bed6c0-e656-efde-36b0-e8f4d8ff1d05,2026-08-19T02:47:40.131942Z,9196.3,0.0822,3,0.2276,0.1054,238,card,0.5784,borderline,fraud
22ca35fd-612f-d526-8fe6-f16e23c5a663,2026-07-25T05:32:41.049682Z,7975.47,0.8397,7,0.9015,0.2532,148,card,0.6918,suspicious,fraud
f0a6b525-713f-3cee-04e8-010253de4f7f,2026-08-23T00:24:17.617194Z,681.13,0.0485,0,0.0913,0.0012,442,UPI,0.8937,normal,legitimate
95e33d11-90f9-64b5-891f-099575233c79,2026-08-05T22:36:35.382329Z,292.41,0.039,2,0.1287,0.0613,1106,UPI,0.9734,normal,legitimate
e6ac6851-bde8-25e8-e05c-2c1c8075aa45,2026-07-25T18:53:59.922749Z,758.12,0.0264,0,0.2254,0.0008,884,netbanking,0.9281,normal,legitimate
15b4708d-1db4-3390-beda-29850349b51e,2026-08-21T04:55:57.173688Z,94.96,0.2017,0,0.0577,0.0255,60,UPI,0.9433,normal,legitimate
8111896a-3df6-4022-da5e-397b9419286b,2026-08-12T07:01:37.633328Z,264.72,0.1619,1,0.1659,0.0224,915,UPI,0.9388,normal,legitimate
e5c27369-4e6d-4d3a-ce7d-982b24262068,2026-08-10T04:42:15.127788Z,1873.21,0.9042,4,0.7533,0.3094,30,card,0.3291,suspicious,legitimate
6211bf46-d538-a19c-301b-66f0c74000ab,2026-08-01T17:17:26.903675Z,52770.34,0.6585,1,0.131,0.0401,210,UPI,0.8832,legitimate_but_unusual,legitimate
6fd24e22-fe4a-e47a-2e4d-5e07963ba86b,2026-07-30T16:30:01.348554Z,1119.8,0.112,1,0.1334,0.0166,1000,UPI,0.9685,normal,legitimate
d7e56901-3ebc-9a03-8a14-c2d0f255e732,2026-07-25T07:58:46.548207Z,736.23,0.1469,0,0.1125,0.0684,586,UPI,0.9425,normal,legitimate
d32097e3-e8a4-dd16-b373-07339ec007dc,2026-08-03T17:30:13.801861Z,1900.95,0.0577,0,0.1802,0.8398,607,wallet,0.81,merchant_anomaly,legitimate
364ed2f9-ede2-5d78-63cd-3e56ac1289be,2026-08-07T12:15:06.243164Z,323.4,0.0392,1,0.1937,0.0733,844,UPI,0.8854,normal,legitimate
b1420ef2-05f3-05dc-4e76-51037c6d54f0,2026-08-22T13:23:52.391611Z,49424.13,0.7292,1,0.0952,0.0254,501,UPI,0.9429,legitimate_but_unusual,legitimate
e3e569e3-4c66-5a4f-eeed-d4e8c8af6329,2026-08-01T17:23:08.486945Z,1145.22,0.7465,4,0.7412,0.1922,96,card,0.7393,suspicious,fraud
cab393ff-383f-cebb-fb83-e0ee7554a84c,2026-08-14T08:14:53.175414Z,86.34,0.0677,1,0.1024,0.0126,440,UPI,0.9289,normal,legitimate
e9b0b277-1ffe-a99d-3d54-8ed7accf52ff,2026-07-25T14:13:24.788033Z,2548.77,0.2466,3,0.9367,0.1092,427,netbanking,0.8296,borderline,fraud
c5fdcece-e18d-c0e6-511e-25c38c79bde0,2026-08-09T12:56:51.618781Z,75.41,0.1152,0,0.1203,0.1173,870,card,0.912,normal,legitimate
ec6502a1-4a2c-c8ef-9c01-a2e0771d080a,2026-07-28T20:57:38.909950Z,233.22,0.1657,0,0.0024,0.0288,78,UPI,0.891,normal,legitimate
a7e396ed-915d-3999-b668-8039c8af5218,2026-08-13T09:55:48.947009Z,257.48,0.0389,0,0.1813,0.0769,570,UPI,0.9946,normal,legitimate
0439c89f-2483-5e58-a533-cf68ff041ac6,2026-08-03T02:38:08.823068Z,869.57,0.118,0,0.0536,0.0225,528,card,0.8922,normal,legitimate
b0c6f5dd-b23b-9583-5f12-249468fe8a96,2026-08-07T20:57:42.220716Z,38.47,0.1632,0,0.1852,0.0767,394,card,0.9123,normal,legitimate
0eaf6d0f-43b1-7832-1433-37ef8cc0ab7a,2026-08-10T01:11:18.301598Z,408.42,0.0162,0,0.2272,0.0181,435,UPI,0.912,normal,legitimate
769d993d-4d91-293b-023c-d2e6f2dcbf2b,2026-08-08T11:41:22.941850Z,1420.25,0.995,10,0.8274,0.6513,82,UPI,0.1622,fraud,fraud
8e56be0e-f6bd-fa67-3d4a-482b91b04135,2026-07-29T17:01:36.164509Z,206.01,0.0056,4,0.1102,0.0537,155,UPI,0.6287,borderline,legitimate
2dd384b0-c377-2eeb-20fb-2fad008cc199,2026-08-09T05:26:35.870641Z,828.82,0.1167,1,0.1775,0.0268,82,card,0.9786,normal,legitimate
18c29289-5986-0fdd-4aa8-7beb251f47ec,2026-08-02T03:44:45.577344Z,401.3,0.2447,0,0.2114,0.0253,286,UPI,0.9883,normal,legitimate
250ada75-8d00-0b3a-630a-54ddf451b161,2026-08-16T21:28:31.748409Z,196.7,0.2022,0,0.239,0.0009,943,UPI,0.8883,normal,legitimate
8dce4109-233f-1e1e-e0d1-994d9616343a,2026-08-11T08:50:41.747877Z,688.11,0.0392,1,0.2318,0.0333,238,UPI,0.9511,normal,legitimate
defb7961-d399-5b6e-b7b9-f28346f982ee,2026-08-04T03:41:21.899458Z,420.67,0.9025,1,0.788,0.0786,111,UPI,0.8097,borderline,fraud
bc078e36-a2bc-4a33-3f67-f807f04b3dde,2026-08-06T09:52:22.656959Z,1266.11,0.0384,0,0.0259,0.0567,243,netbanking,0.9008,normal,legitimate
b5295de4-0717-f6e7-1a4d-92a11a78346f,2026-07-26T20:30:13.693187Z,1054.89,0.1692,0,0.0798,0.0147,1036,wallet,0.8643,normal,legitimate
c607957f-b314-5f2a-c5b2-3e6bf44dac08,2026-08-02T05:59:49.761652Z,183.25,0.1367,0,0.0893,0.0032,83,netbanking,0.9288,normal,legitimate
65f70b7f-566b-8325-7a32-76eac769d3e6,2026-08-11T19:23:50.403721Z,74407.88,0.3068,1,0.3642,0.0504,1189,UPI,0.8105,legitimate_but_unusual,legitimate
30af8d7f-3e0d-f1a2-6d17-ba13d2d82426,2026-08-14T02:23:01.843157Z,209.78,0.1051,1,0.1453,0.0269,408,card,0.9945,normal,legitimate
ad650c46-e132-f277-1c8d-43ff03e2bdf1,2026-08-06T03:48:42.014338Z,226.9,0.0226,0,0.1575,0.0493,609,card,0.9178,normal,legitimate
1e23d4c4-76d1-3ecb-cfc9-4a144a10a046,2026-08-14T03:19:45.326743Z,87986.19,0.6635,2,0.2228,0.0821,946,card,0.8279,legitimate_but_unusual,legitimate
5189cdef-672b-74d6-8092-34230a07faac,2026-07-26T10:55:25.425807Z,2926.02,0.1615,0,0.0453,0.0465,642,card,0.8607,normal,legitimate
e19b9b06-c343-9081-1842-9a224e7c883b,2026-08-11T18:55:47.308760Z,640.25,0.0159,0,0.0498,0.034,1091,UPI,0.8559,normal,legitimate
29108858-9f2c-7cfc-fb5e-59adb286d803,2026-08-17T02:32:53.463903Z,8124.51,0.7728,4,0.9062,0.1472,144,netbanking,0.4467,suspicious,fraud
cac551b7-0241-70ce-4835-f931c541b188,2026-08-13T19:35:22.651328Z,30855.97,0.8148,0,0.3182,0.0268,314,UPI,0.9402,legitimate_but_unusual,legitimate
242d8694-ce6b-fe3e-2b2d-9a88e3b6087a,2026-08-09T22:02:16.117997Z,356.91,0.1423,0,0.124,0.0005,373,card,0.9508,normal,legitimate
fa0fd5ea-301b-4cf6-bc8b-062310543eca,2026-08-03T23:29:50.643333Z,224.85,0.0495,0,0.0188,0.001,478,UPI,0.9861,normal,legitimate
bb80e8ce-ccef-b893-acae-9bf2df27a0b2,2026-08-20T15:23:48.989974Z,29.42,0.0482,0,0.237,0.0084,1009,UPI,0.9929,normal,legitimate
91567935-ff9e-69a2-cd97-635ee2e051c5,2026-08-21T19:21:53.477144Z,2971.3,0.0099,1,0.2415,0.0162,686,UPI,0.9868,normal,legitimate
dbfdc94a-bb0a-48f9-cfe3-c95d0ee7963b,2026-07-24T20:30:27.711854Z,1121.15,0.1677,1,0.2452,0.0876,79,UPI,0.9909,normal,legitimate
bdeb8181-d1ac-cd19-d843-889ce03b8a41,2026-08-01T20:10:19.957248Z,2527.19,0.1258,0,0.0342,0.0402,992,card,0.919,normal,legitimate
bef176e7-e127-f5b9-3345-2759f870258c,2026-07-30T19:05:40.497474Z,4974.32,0.12,0,0.0842,0.0239,732,UPI,0.9733,normal,legitimate
18264c8f-82d8-d017-60a9-0387c3688407,2026-08-16T03:43:35.310931Z,357.09,0.083,0,0.2314,0.0769,957,UPI,0.9777,normal,legitimate
4e9ba8ea-28d4-64c2-3e0c-556e16c84f19,2026-08-18T17:17:38.507616Z,244.66,0.0759,0,0.032,0.0101,359,UPI,0.8619,normal,legitimate
7c2f8794-d576-7567-336d-eda22f56b1f7,2026-08-21T10:29:50.747008Z,246.91,0.8768,0,0.1782,0.1809,488,UPI,0.602,borderline,fraud
45b3dc29-908c-f1a6-7aeb-1d6458efe84f,2026-08-08T05:43:00.679854Z,68.08,0.0357,0,0.1082,0.0058,624,UPI,0.9859,normal,legitimate
64a491ca-66c5-71f0-ea26-314e176fa09a,2026-08-22T06:52:23.219021Z,1943.85,0.033,1,0.8201,0.0596,170,UPI,0.8306,borderline,legitimate
561d5320-adf9-9fab-a31f-5d0b593bb13d,2026-08-01T01:20:58.521674Z,56631.53,0.4162,1,0.3663,0.0144,362,UPI,0.9463,legitimate_but_unusual,legitimate
d8b7f65b-538c-a1a9-81a0-cb97e60e6318,2026-08-08T05:14:26.553666Z,656.7,0.1131,1,0.153,0.0196,463,card,0.966,normal,legitimate
8c2ed34f-1e22-bbef-4d83-9281136e48e0,2026-08-11T19:59:24.144020Z,123.49,0.2492,0,0.1584,0.0253,150,card,0.9471,normal,legitimate
00420c28-eefe-3d71-21eb-0f405fb4623d,2026-07-27T18:13:46.232808Z,1932.84,0.0776,0,0.2071,0.0071,406,UPI,0.9717,normal,legitimate
d2797126-44ba-0e1b-9f75-c8bcab9bfffc,2026-08-12T20:02:55.557798Z,193.43,0.0327,1,0.2256,0.0095,1106,UPI,0.9942,normal,legitimate
e14a633b-1c5b-3d8b-aa06-18fc29ca4c2d,2026-07-26T11:57:56.854340Z,3105.89,0.7842,0,0.0203,0.0878,467,wallet,0.7625,borderline,fraud
6c73930b-0494-322a-76fc-bf06f7034869,2026-07-30T04:01:04.246977Z,1008.19,0.0022,0,0.0509,0.0204,753,UPI,0.925,normal,legitimate
5e36622c-974e-3f0e-366b-92e588e4a1d7,2026-07-31T16:59:04.419102Z,418.67,0.1832,0,0.2455,0.0662,977,UPI,0.9578,normal,legitimate
ebfc3909-541b-9d3c-8748-a3fa7937d471,2026-08-02T05:29:09.373921Z,78769.6,0.2773,1,0.2908,0.0569,1156,netbanking,0.9779,legitimate_but_unusual,legitimate
394828fc-1bcf-2fc0-199c-a2c570d3d78e,2026-08-15T13:34:05.166646Z,243.28,0.1125,2,0.1788,0.0437,116,UPI,0.9623,normal,legitimate
10557909-0d5e-71a6-9e24-a59897cc5c5d,2026-08-04T07:07:38.044907Z,277.18,0.1756,1,0.1207,0.0092,134,UPI,0.9831,normal,legitimate
e56873ad-40af-26c3-534f-d64f76907574,2026-08-22T09:17:51.486619Z,324.33,0.2206,0,0.009,0.0702,1138,UPI,0.9931,normal,legitimate
d986b632-a4df-f130-d77b-b99030699856,2026-08-15T00:37:20.492543Z,252.7,0.1821,1,0.0177,0.0045,231,card,0.8989,normal,legitimate
cacd5f2e-0685-8b1f-5ebd-5dae6bac02dc,2026-08-10T06:44:11.286678Z,433.99,0.1259,0,0.0677,0.0872,524,wallet,0.9146,normal,legitimate
58fd929c-4486-9fa0-543a-032219b51503,2026-08-21T14:12:47.518934Z,1529.74,0.9395,1,0.0794,0.1838,351,card,0.6554,borderline,legitimate
d5f1035a-1293-ce31-21b7-f6194db5942a,2026-08-10T01:54:19.314716Z,121.59,0.1164,0,0.1595,0.0046,567,UPI,0.9224,normal,legitimate
d73405c3-9609-f470-8e51-f4629ac7129b,2026-08-20T00:18:02.030618Z,894.27,0.1041,0,0.1956,0.009,964,UPI,0.9256,normal,legitimate
a103565d-af2e-7bd7-73ce-c737b7658994,2026-08-18T22:18:26.533381Z,67.78,0.1161,0,0.011,0.0539,829,UPI,0.9508,normal,legitimate
96da0575-59db-7ae6-6b77-6811f69e1493,2026-08-05T16:12:51.806679Z,623.36,0.805,3,0.789,0.3068,34,netbanking,0.722,suspicious,fraud
b4dfeda1-cbf6-52e1-0ac2-9b555d51ab6d,2026-08-08T18:43:33.848297Z,200.0,0.1852,0,0.2482,0.351,313,UPI,0.8687,merchant_anomaly,fraud
98c39951-8c1d-e4bc-d16a-3aa0a0bc2985,2026-08-04T10:12:38.595342Z,252.8,0.0284,0,0.0096,0.0372,853,UPI,0.9159,normal,legitimate
a3673f42-3106-a72e-670f-9ba9835d5fc1,2026-07-24T23:53:48.475997Z,603.82,0.2051,2,0.057,0.0274,599,netbanking,0.9093,normal,legitimate
9737b978-257e-299b-f667-6e69a28d56cb,2026-08-01T02:43:15.585416Z,777.59,0.0772,2,0.0576,0.0381,1164,card,0.9413,normal,legitimate
21558312-2c08-8f01-3c6e-82f45248d719,2026-08-20T15:44:14.582278Z,398.34,0.0478,0,0.0172,0.0134,159,card,0.9497,normal,legitimate
6fea9760-37be-b2ef-cbd7-cdf6b2fad5ac,2026-08-21T13:33:05.637080Z,425.32,0.0501,0,0.0644,0.002,1055,netbanking,0.9805,normal,legitimate
ee23acc0-766c-39fe-c484-29d1359242c5,2026-08-11T18:30:41.636676Z,596.56,0.2142,4,0.1672,0.187,144,UPI,0.5317,borderline,legitimate
85a22bd1-7500-9ef9-70eb-05425db6a17d,2026-07-31T19:52:38.889786Z,586.3,0.1028,1,0.1498,0.0947,711,UPI,0.9551,normal,legitimate
c1703e86-f519-d288-dbd3-d5707094287b,2026-08-02T13:33:21.704644Z,194.86,0.089,0,0.1027,0.005,284,UPI,0.9533,normal,legitimate
d4ef0a23-1ac8-8043-389f-67e61e3d3944,2026-08-03T11:48:17.858166Z,2499.49,0.1152,0,0.0011,0.1034,277,UPI,0.9698,normal,legitimate
06068815-ad54-146d-8cb6-72b3a7c4fa38,2026-07-29T10:04:39.160640Z,3846.08,0.1452,0,0.0244,0.0196,191,UPI,0.9493,normal,legitimate
7d7d719d-431b-be42-4d66-4ec668a6ba11,2026-08-13T07:03:43.051423Z,1629.36,0.1957,0,0.0875,0.0537,1180,netbanking,0.9275,normal,legitimate
5b869994-be77-3e95-1765-a2237c3eedff,2026-08-19T13:00:46.607092Z,544.97,0.0534,0,0.2181,0.0488,205,UPI,0.8968,normal,legitimate
b93b0423-c28e-35a6-f6be-1825fcfd9053,2026-07-29T02:28:16.434608Z,3409.46,0.2438,5,0.9476,0.1852,283,card,0.675,borderline,fraud
c698d3ef-94ff-b864-a9c5-600d992eefd3,2026-08-15T00:07:04.658996Z,416.49,0.191,0,0.1677,0.0361,637,UPI,0.9965,normal,legitimate
3525400a-45a8-47b9-ccf8-710454a968d0,2026-08-21T22:37:57.610244Z,4196.08,0.0754,4,0.1554,0.0228,1000,UPI,0.9139,legitimate_but_unusual,legitimate
597935d1-6f62-6ffb-f8a3-218ef33f4284,2026-07-26T13:38:20.169459Z,2723.6,0.1484,0,0.2346,0.0044,503,netbanking,0.9585,normal,legitimate
067eeb58-45ec-1f16-7e7a-5be68ee59d3c,2026-08-14T20:47:45.537131Z,205.87,0.2341,0,0.0497,0.0889,811,netbanking,0.9768,normal,legitimate
7325aed1-e5ad-0feb-b175-718a85025a1c,2026-08-16T05:03:31.489096Z,153.16,0.0864,0,0.1163,0.0191,678,UPI,0.9609,normal,legitimate
2dad35a7-f31f-5ec2-8dbe-34f0e3d752e7,2026-08-16T16:00:11.533461Z,500.71,0.1693,0,0.0871,0.108,861,UPI,0.8548,normal,legitimate
06ccedc5-4e4a-5fff-0eac-c122afd5ecf9,2026-08-12T18:40:44.450183Z,2147.62,0.1696,6,0.2793,0.0756,947,UPI,0.9082,legitimate_but_unusual,legitimate
404a385c-6a16-4321-927e-384588d0a290,2026-08-21T10:59:03.107013Z,43.87,0.2129,0,0.0881,0.0393,1103,UPI,0.9048,normal,legitimate
0d41752b-4f2a-b554-c9e7-0f855c16e372,2026-08-08T08:49:48.363109Z,865.94,0.0875,0,0.0722,0.0447,748,UPI,0.878,normal,legitimate
ba7289b0-6b51-f18a-144c-2c2193fa3a2b,2026-08-15T09:35:43.063344Z,1232.13,0.8079,5,0.9561,0.6772,3,UPI,0.1453,fraud,fraud
3bb7379c-6b1d-a021-bb90-a622381e1a66,2026-08-14T14:50:32.281242Z,4155.33,0.0294,0,0.0023,0.0523,1145,card,0.8718,normal,legitimate
7b422c84-69b4-efb6-9d46-ad529266830a,2026-07-27T16:02:47.998872Z,102.49,0.1952,1,0.1033,0.0268,466,wallet,0.9002,normal,legitimate
4723f18b-bd3a-fc20-22ee-616192b6aa69,2026-08-16T22:10:41.430231Z,111.06,0.0737,0,0.0537,0.052,494,UPI,0.9458,normal,legitimate
0d366a12-7fac-e228-9031-48323b26be7a,2026-08-16T02:34:02.953369Z,865.46,0.2436,0,0.8946,0.0922,348,UPI,0.8989,borderline,legitimate
25000d62-5bd1-7086-d474-38493e9ddd3d,2026-08-19T20:14:42.023998Z,1381.59,0.073,0,0.0593,0.9007,561,netbanking,0.8272,merchant_anomaly,fraud
db836a9b-c69d-c834-9f5c-f48b0a6651a3,2026-08-10T17:01:54.264448Z,340.12,0.1412,0,0.2036,0.0991,334,card,0.9572,normal,legitimate
16ba68d3-a931-5101-899d-fd209f0ae8d1,2026-08-05T16:18:34.503897Z,431.25,0.1484,0,0.1887,0.0261,1184,UPI,0.8989,normal,legitimate
f08d1bd8-7726-94b4-2b66-40ce37374572,2026-08-08T14:15:31.684591Z,1057.8,0.1945,0,0.179,0.0083,1112,UPI,0.9025,normal,legitimate
1df20b4a-a9cf-4a21-e4d9-6be67908e2d5,2026-08-19T02:49:42.706224Z,155.24,0.0032,0,0.2259,0.0238,570,card,0.971,normal,legitimate
f3a391d2-3420-9e4d-9739-d0cd4e7b3b4a,2026-08-21T04:03:44.415909Z,516.81,0.2241,1,0.138,0.0285,636,UPI,0.9693,normal,legitimate
1dc31fa7-f7c6-1b62-c6b9-016f8bdb74aa,2026-08-09T15:17:37.479229Z,3487.38,0.0856,3,0.934,0.0831,599,UPI,0.6256,borderline,legitimate
35ce49b1-894b-f886-2957-6a223f69eea1,2026-08-20T07:04:36.159657Z,116.12,0.018,0,0.1401,0.11,127,card,0.9556,normal,legitimate
239efb07-ee22-338a-93bc-2343d2bd7929,2026-08-03T19:29:24.617161Z,66.69,0.0515,2,0.1745,0.1121,531,UPI,0.9519,normal,legitimate
425dfe43-7aaa-e045-dbe3-27211c7e077a,2026-08-05T08:34:11.618707Z,596.41,0.209,1,0.2133,0.018,226,wallet,0.9442,normal,legitimate
0b53f578-0571-a49a-d9a2-af0b1a114ae8,2026-08-17T18:47:55.817446Z,462.02,0.0283,0,0.0865,0.0034,568,netbanking,0.9077,normal,legitimate
b6523714-0f5c-0488-dc89-503d3d2491d6,2026-08-17T09:32:56.525330Z,189.6,0.0728,0,0.0989,0.12,303,UPI,0.921,normal,legitimate
7a27063a-4594-f357-a809-e15ae6ebfd9d,2026-08-10T21:31:41.743011Z,309.54,0.2206,0,0.1107,0.0779,586,UPI,0.9492,normal,legitimate
d672bbf1-dc85-9bcb-511a-6679de8cbcbe,2026-08-04T06:44:57.288156Z,697.79,0.2308,0,0.2181,0.0025,1036,UPI,0.9678,normal,legitimate
3f757a64-5171-4265-6d45-dd7aeeed85f9,2026-08-06T16:21:43.979881Z,190.53,0.0436,2,0.2083,0.0039,1059,UPI,0.937,normal,legitimate
6e986f0d-ffcc-caef-e928-3652c73b0bce,2026-08-14T13:58:48.382712Z,51606.51,0.5803,2,0.2774,0.017,273,card,0.9145,legitimate_but_unusual,legitimate
5ba59af7-7bfb-5c5b-f35e-5fa92a104ae1,2026-08-02T21:22:38.732790Z,11658.64,0.8013,7,0.8357,0.6313,12,UPI,0.3629,fraud,fraud
6fa7ebef-c92a-99f4-4bff-9c1bd07b2e70,2026-08-22T04:21:32.404898Z,500.0,0.984,4,0.7141,0.2727,64,UPI,0.5736,suspicious,fraud
544176cd-f40e-4470-b0c7-7192bf42f037,2026-08-18T00:45:23.776377Z,581.16,0.0719,0,0.0289,0.0243,73,card,0.9241,normal,legitimate
89e2603b-c823-c341-4d6a-12644cc4cba1,2026-08-10T17:18:27.138077Z,909.06,0.022,0,0.226,0.0052,170,wallet,0.9282,normal,legitimate
1bf9af93-6e9b-3eab-bfa3-157ee0153add,2026-07-26T21:25:10.567035Z,324.49,0.0471,1,0.239,0.007,668,card,0.9185,normal,legitimate
4a955dd1-800e-2c60-5705-c61efd9fff4b,2026-08-09T13:24:10.540150Z,302.38,0.0619,0,0.1012,0.0455,1198,UPI,0.8632,normal,legitimate
78d5d9f1-7c43-a665-2079-0951d57d3b1a,2026-08-13T00:12:49.215079Z,268.62,0.0293,5,0.2469,0.1788,375,UPI,0.7732,borderline,fraud
953e355a-1019-f2bc-441b-69d76bda62ce,2026-08-16T09:36:52.065244Z,815.74,0.0583,0,0.0728,0.12,349,UPI,0.9891,normal,legitimate
c38cc099-d1fd-92df-3691-038405616929,2026-08-11T10:33:11.666057Z,213.54,0.1804,0,0.119,0.12,496,UPI,0.8837,normal,legitimate
30ac3da5-ff9d-290b-1020-572dabdc9afe,2026-07-26T22:50:10.932437Z,936.4,0.036,0,0.2115,0.0084,627,UPI,0.9076,normal,legitimate
83032f8c-852d-f498-396d-3ad11540a9c8,2026-08-07T08:04:14.251349Z,262.93,0.1549,0,0.2148,0.0108,938,UPI,0.8981,normal,legitimate
a97174e1-3ab9-cfa9-6512-8b91255f8f1a,2026-08-11T11:55:55.543811Z,1331.69,0.1847,6,0.1163,0.0023,1343,UPI,0.9322,legitimate_but_unusual,legitimate
2c55eab1-d8a2-cec1-20fb-30dcfbc7e0f3,2026-08-06T17:29:18.965540Z,4734.2,0.2108,0,0.1799,0.049,1196,UPI,0.9006,normal,legitimate
26256b70-6772-bab6-0d6e-7f601f9b50e6,2026-08-01T09:04:34.533541Z,2405.9,0.2064,1,0.0425,0.0853,94,netbanking,0.8544,normal,legitimate
c97d82d9-52d0-ba60-9034-523f54bcb73d,2026-07-30T10:31:11.612631Z,700.62,0.2033,0,0.0631,0.0585,800,netbanking,0.8897,normal,legitimate
06688214-ca81-2ba9-53b4-12e5cf80918d,2026-08-07T07:59:34.757171Z,446.06,0.1375,1,0.2376,0.0426,525,UPI,0.8526,normal,legitimate
1a615ad1-31be-12f7-5eae-a836ce65077d,2026-08-13T14:07:48.438264Z,1044.78,0.0626,0,0.0528,0.042,497,UPI,0.8948,normal,legitimate
d1dbd016-c7f1-b3c9-e666-59c11f135cdd,2026-08-11T06:24:24.740744Z,454.28,0.0146,0,0.133,0.0296,120,wallet,0.9512,normal,legitimate
7b30ec86-a591-17d9-e6cc-136db1de6cb9,2026-08-12T04:03:31.910494Z,245.64,0.1345,0,0.0741,0.0197,654,UPI,0.8953,normal,legitimate
00cfc2c2-0444-c3b8-d9dc-af8ff681693c,2026-07-25T12:25:38.448520Z,1095.81,0.0067,0,0.1413,0.0391,974,UPI,0.973,normal,legitimate
2c5d0b94-527d-b746-0a59-9f25cca14dfb,2026-08-22T21:38:29.585212Z,236.29,0.1033,0,0.1053,0.0286,453,card,0.9072,normal,legitimate
63368908-eccb-a75e-ef87-8e74e4c5961f,2026-08-14T22:26:22.365757Z,1900.96,0.1231,5,0.0679,0.0634,503,UPI,0.5621,borderline,fraud
49bc4b75-bf62-f6ef-04d9-a37b63a9bdb4,2026-08-14T12:26:22.580029Z,94.43,0.0754,0,0.2497,0.01,536,card,0.9361,normal,legitimate
d4581a03-d9e7-94d5-f160-bf3decb919a1,2026-08-12T07:54:33.666181Z,424.78,0.1293,0,0.0726,0.0517,289,card,0.982,normal,legitimate
068755ce-35e7-d4d0-80a5-db8cab549e5f,2026-08-10T08:31:21.666582Z,1576.54,0.2281,0,0.019,0.0242,933,card,0.8799,normal,legitimate
43b0998a-446c-e8fa-a40c-7627e83d567a,2026-08-19T08:20:53.070868Z,774.81,0.1774,0,0.0476,0.0511,980,UPI,0.9932,normal,legitimate
f6f4820a-8722-22dc-1d79-41aee60cbb0f,2026-08-23T06:03:57.370507Z,4716.75,0.1681,0,0.0276,0.5859,933,UPI,0.9862,merchant_anomaly,fraud
63ace299-67eb-9224-973e-44b582a0a0a6,2026-07-24T15:03:40.146848Z,691.96,0.0099,0,0.1136,0.0984,337,UPI,0.9752,normal,legitimate
69262273-d81e-44d8-cc80-d6c645c2a444,2026-08-14T18:29:50.053343Z,1516.88,0.2018,1,0.0752,0.0066,101,card,0.8614,normal,legitimate
e2ac0639-16ec-d3e4-4b6b-a2d8b83ed6e5,2026-08-17T09:17:18.119743Z,137.95,0.7704,0,0.1108,0.0547,201,card,0.5305,borderline,fraud
629c316a-fe21-4422-8001-fe4594018003,2026-07-30T07:28:01.708506Z,194.66,0.1057,0,0.1245,0.0234,882,UPI,0.9836,normal,legitimate
073b67be-359c-364f-869e-fe1b52ad967b,2026-07-25T08:46:47.879087Z,483.24,0.7451,0,0.0854,0.034,111,UPI,0.6824,borderline,fraud
6b560f6b-08fe-c88e-c0a3-7265a34d0acf,2026-08-16T08:09:08.434964Z,3902.56,0.882,4,0.8034,0.5696,67,UPI,0.3535,fraud,fraud
605e1aa7-5b4e-858e-ee8b-f93c073587b8,2026-08-02T19:11:44.952919Z,1058.06,0.0402,0,0.2191,0.087,1159,UPI,0.8615,normal,legitimate
4f7f9e45-8f6d-075f-b5ec-67c2de87cb6d,2026-08-14T17:55:54.472095Z,875.3,0.0915,0,0.14,0.0483,844,card,0.974,normal,legitimate
bd60c319-a075-15b8-d463-683da2e68c6b,2026-08-16T08:19:08.049739Z,1273.16,0.0633,0,0.2201,0.053,165,UPI,0.8993,normal,legitimate
4f6f3fca-067c-4436-b373-ff4d0d9e98d1,2026-08-11T13:18:43.569894Z,903.91,0.0287,0,0.0251,0.0182,1055,wallet,0.9351,normal,legitimate
34b49652-28fe-7ce9-51d7-b8f7653b6424,2026-08-03T10:31:09.199857Z,9716.95,0.9527,4,0.9514,0.7483,4,netbanking,0.2,fraud,fraud
4df4df80-d966-8154-2cb7-bdb09a3f5352,2026-07-31T04:28:48.556745Z,142.25,0.0248,0,0.0657,0.0983,156,UPI,0.8878,normal,legitimate
4e8458bf-7b94-490f-d699-4b79abbff0ab,2026-08-22T17:13:43.151899Z,823.59,0.0316,1,0.0536,0.0016,155,UPI,0.8705,normal,legitimate
134f88ec-91e3-69c5-b57f-3e290bb3ad6e,2026-08-23T11:10:05.547865Z,1181.32,0.8591,4,0.7268,0.2751,35,UPI,0.6445,suspicious,fraud
d7ac6876-81bd-73b8-6c41-5abf999af50f,2026-07-31T07:30:33.704548Z,323.44,0.1047,0,0.1066,0.0057,588,card,0.9519,normal,legitimate
04c0759f-6654-0f75-c354-d91505d38ed7,2026-07-27T15:17:55.146205Z,243.63,0.1717,0,0.0239,0.0116,615,card,0.9088,normal,legitimate
bde41438-8744-54d5-2a92-660993710bd8,2026-08-18T00:10:13.777052Z,306.12,0.2482,0,0.1176,0.0007,821,UPI,0.861,normal,legitimate
7c48bb1d-2456-d25e-a918-b7f47b20f35f,2026-08-19T03:50:02.915869Z,44.78,0.1989,0,0.0261,0.0058,877,UPI,0.9494,normal,legitimate
60b9bfd9-3a7a-4728-3afe-06de2ffb0f29,2026-08-05T13:39:12.689649Z,171.83,0.128,0,0.1074,0.0108,679,UPI,0.9534,normal,legitimate
3ebe0b08-5fc3-50e5-e6ca-eba2f0dcb179,2026-07-25T14:14:49.238843Z,271.24,0.1854,1,0.1684,0.1149,706,UPI,0.9642,normal,legitimate
cc046709-6aa9-8911-c2ce-88cc3087aae5,2026-08-23T01:57:43.321875Z,3507.69,0.814,5,0.9577,0.3213,49,UPI,0.6416,suspicious,fraud
878e70de-2e01-57dd-e77a-139270afbdc4,2026-08-09T03:27:52.977434Z,603.8,0.2377,0,0.1039,0.0273,882,UPI,0.9042,normal,legitimate
e9f16035-0b90-4b80-ee7c-3bee3082ad65,2026-08-11T11:44:00.064893Z,123.59,0.1288,1,0.1135,0.0528,860,card,0.8754,normal,legitimate
335ae0ea-65ec-5b56-d780-5e4ab55d98b9,2026-08-22T22:59:20.830821Z,76.59,0.207,0,0.2488,0.0523,183,wallet,0.9695,normal,legitimate
dde841be-2880-4b99-c316-530cfa7f8210,2026-08-17T08:22:39.576926Z,296.58,0.1038,0,0.0473,0.0076,88,UPI,0.8774,normal,legitimate
ae56929a-5307-21df-515b-c4af91b6b641,2026-08-18T07:00:32.399061Z,4022.88,0.2438,0,0.1552,0.0354,705,card,0.9311,normal,legitimate
a57b2846-2168-3211-109c-de8da456be67,2026-08-03T09:23:51.135081Z,1849.27,0.2373,1,0.2293,0.0126,287,UPI,0.9668,normal,legitimate
1d02efc8-3955-62fb-e593-2ab57434b835,2026-08-14T03:31:10.545311Z,671.43,0.0015,0,0.0479,0.0273,77,UPI,0.9328,normal,legitimate
b166ceb6-5bf7-13a0-3d0d-3ecd53648ec8,2026-08-07T05:43:25.802574Z,110.92,0.0045,1,0.0788,0.0507,580,UPI,0.9434,normal,legitimate
43b557b2-84fc-42ca-77eb-28ec24cfe405,2026-08-01T20:56:59.129143Z,424.65,0.0373,0,0.1192,0.0213,726,UPI,0.9127,normal,legitimate
af3aa5ec-471f-831d-f145-97f83aa3f86b,2026-08-04T05:49:48.788044Z,262.46,0.0941,2,0.1942,0.0437,525,UPI,0.8656,normal,legitimate
c9622305-2604-6090-b8c7-735210c538d7,2026-07-31T11:08:36.094082Z,445.32,0.0274,0,0.0783,0.0015,688,netbanking,0.8727,normal,legitimate
53e529af-5bd8-b33d-6ed5-ad70bb5beaae,2026-07-24T22:45:10.351669Z,1043.64,0.0481,0,0.0375,0.0454,96,UPI,0.886,normal,legitimate
56b6ff2d-292d-eea1-aba3-cf3c0d02735f,2026-08-08T02:29:41.323944Z,267.26,0.0519,0,0.0823,0.0055,549,UPI,0.8864,normal,legitimate
57d5b1c5-80f4-1665-eb07-df32870a224b,2026-07-25T07:04:10.497447Z,109.37,0.0143,1,0.0617,0.0806,248,UPI,0.8583,normal,legitimate
8a268659-b311-83f8-8eb1-4fc6d2943bf1,2026-08-13T01:50:50.617213Z,1611.22,0.1186,0,0.2116,0.0145,375,UPI,0.9451,normal,legitimate
206074ef-8420-f40c-972b-b96ebe860ecd,2026-07-31T12:09:51.927155Z,1111.46,0.9063,10,0.7864,0.6133,45,card,0.3655,fraud,fraud
54c16f16-018b-a858-da77-dceff8ba323d,2026-08-11T09:17:31.903971Z,858.67,0.1917,0,0.2226,0.0405,520,UPI,0.9757,normal,legitimate
e88f438a-f40d-32e3-f0f0-a214a9e434fd,2026-08-20T22:08:30.758917Z,1319.55,0.8995,8,0.8461,0.7662,29,card,0.349,fraud,fraud
3e87b1de-b5cf-ba4f-3692-d2847299363a,2026-08-02T01:22:48.529151Z,478.42,0.0182,2,0.192,0.0531,1101,UPI,0.9843,normal,legitimate
9856465f-e711-4160-3a97-9c6e4dd3d28c,2026-08-13T10:24:01.536959Z,194.19,0.0564,0,0.0524,0.0144,76,UPI,0.992,normal,legitimate
ed5fdbfc-ceb7-8b0b-488a-826d8e11061c,2026-08-04T19:13:23.353857Z,1188.55,0.2333,0,0.2234,0.0374,842,UPI,0.948,normal,legitimate
2ee7c0a5-746c-3f12-7b54-e5e58e9964f4,2026-08-10T00:51:42.470479Z,316.91,0.2363,1,0.1649,0.0127,30,UPI,0.9425,normal,legitimate
e8532250-dac3-84a4-e324-a0b651113df0,2026-08-10T09:25:06.470035Z,3730.57,0.1002,5,0.0808,0.0456,514,UPI,0.8206,legitimate_but_unusual,legitimate
76a7eefb-f4d3-571f-14ce-fcaa9dc2a5b9,2026-08-16T02:33:14.930755Z,501.23,0.0867,1,0.1839,0.0162,56,UPI,0.9525,normal,legitimate
bb9d54a5-9143-0061-db07-0ca3a2c5b701,2026-08-18T19:27:15.377364Z,253.38,0.1317,0,0.0996,0.029,261,netbanking,0.9758,normal,legitimate
cbeba574-975d-541b-9b02-c19e74d1ed55,2026-07-29T23:03:50.546065Z,988.5,0.0591,0,0.1123,0.0058,1021,wallet,0.8835,normal,legitimate
fbb96039-c849-f8ec-d94b-2c1b8bef1a24,2026-07-28T10:55:58.940475Z,7140.84,0.764,4,0.9522,0.2113,98,UPI,0.5737,suspicious,fraud
d7c204e1-dfe9-b0f4-40ac-5f9207b46f06,2026-08-17T15:02:27.451970Z,239.22,0.0224,1,0.0236,0.0599,157,UPI,0.9883,normal,legitimate
a33eb59f-c9ff-5226-e00b-a773b6a5876c,2026-08-10T13:21:45.790148Z,855.13,0.1149,1,0.1755,0.0045,213,UPI,0.9593,normal,legitimate
79046d78-fc5c-aef9-8cb8-5a47c305d4b4,2026-08-20T22:41:20.411231Z,772.57,0.886,0,0.7926,0.1962,492,UPI,0.532,borderline,legitimate
bddb117f-fa5d-8af4-6cb1-ca98ea979827,2026-08-03T20:10:18.480850Z,1848.04,0.0053,1,0.0249,0.0984,604,wallet,0.9065,normal,legitimate
905291cb-7720-1966-3e43-55451237fb6e,2026-07-27T16:21:02.903004Z,1689.66,0.2275,0,0.1014,0.0452,427,UPI,0.9012,normal,legitimate
25689d9e-adfb-b82a-0397-015bbbf06a2e,2026-08-13T21:45:19.480624Z,466.73,0.0809,0,0.2076,0.0542,448,UPI,0.8579,normal,legitimate
85310da4-9fca-1500-5c47-4e372a308704,2026-08-11T21:12:19.225070Z,210.61,0.0801,0,0.076,0.0146,571,UPI,0.9266,normal,legitimate
8ca80e6f-5264-216c-b008-f2e8c5a09760,2026-08-21T13:26:22.244863Z,1576.41,0.2445,0,0.2149,0.0307,747,netbanking,0.868,normal,legitimate
2ddee9cb-0e02-4c76-980c-457bddba5000,2026-08-06T13:03:13.060325Z,467.57,0.1571,0,0.0955,0.0352,652,UPI,0.9579,normal,legitimate
4d59adf8-01c0-3a83-7681-542e2469bc69,2026-08-08T02:52:02.483247Z,4202.54,0.1422,1,0.0346,0.0064,687,netbanking,0.9392,normal,legitimate
426670a0-36fe-a527-5f84-b1e1a608bb59,2026-07-24T18:38:36.956165Z,1987.68,0.0396,1,0.7651,0.0414,462,UPI,0.7445,borderline,legitimate
dfb8077b-3dc1-1d84-5c09-a897724811e8,2026-08-05T12:16:51.285209Z,219.3,0.0355,0,0.0167,0.0112,620,UPI,0.9963,normal,legitimate
fc8d9f06-9eff-7f45-f24a-b6379cc87401,2026-08-11T14:22:03.792523Z,3956.62,0.0882,4,0.1675,0.055,633,card,0.8638,legitimate_but_unusual,legitimate
3ba933f7-0da8-3390-f120-f3cef9a7aa62,2026-07-24T22:13:15.413113Z,208.71,0.0608,0,0.1427,0.0162,147,UPI,0.8856,normal,legitimate
7fe0632b-1168-685f-1887-8a8ee97f0a65,2026-07-27T02:34:18.900576Z,897.47,0.0244,0,0.1953,0.008,123,wallet,0.8939,normal,legitimate
175e8a02-1c32-90b9-aaf0-ce769879ade0,2026-08-22T07:50:41.879119Z,1196.26,0.0341,1,0.1981,0.0926,368,UPI,0.9687,normal,legitimate
a73bad13-9016-e91c-76e9-2880a13092d7,2026-08-20T17:08:20.536784Z,383.84,0.0664,0,0.0822,0.0641,835,UPI,0.8799,normal,legitimate
7562ea7d-fbf8-fc6b-1180-8e7cffdc396c,2026-08-01T12:20:32.225906Z,1359.06,0.2413,0,0.1687,0.624,357,UPI,0.8763,merchant_anomaly,fraud
e8c43eeb-aeab-448b-11de-92409488d5a2,2026-08-13T10:57:08.958329Z,266.87,0.2088,1,0.052,0.0384,604,UPI,0.9645,normal,legitimate
da474b1e-8ee1-97af-c586-ef682e76bafd,2026-08-14T08:29:54.327019Z,137.93,0.2204,0,0.003,0.0132,93,UPI,0.9359,normal,legitimate
ae4f332c-855c-d640-5c01-5d2fda701509,2026-07-29T20:02:09.948452Z,11938.5,0.2441,0,0.0391,0.7432,109,wallet,0.9745,merchant_anomaly,legitimate
c30c401e-3943-61b1-f45d-5db271962c59,2026-07-28T20:50:46.372799Z,82.35,0.0663,0,0.2118,0.1148,599,UPI,0.8625,normal,legitimate
56a454a2-a54f-2f68-059d-2812d50838e4,2026-08-17T18:04:01.703502Z,972.91,0.2346,0,0.1483,0.1072,925,UPI,0.9588,normal,legitimate
45be2b22-5966-94a1-034d-a2147d72c20c,2026-08-14T13:14:35.363439Z,229.84,0.096,0,0.0589,0.0078,163,card,0.9238,normal,legitimate
15fe8880-c896-1942-3ff0-2e95cbf17bf8,2026-08-22T16:06:08.127412Z,55949.15,0.726,0,0.3816,0.0837,612,UPI,0.8179,legitimate_but_unusual,legitimate
2df89e66-d543-8430-0b91-2fd57fb6d503,2026-08-07T07:16:13.326498Z,566.27,0.078,3,0.1751,0.1737,222,card,0.5244,borderline,legitimate
2640e329-0e0d-eb86-76a3-78cb1c8b6fd3,2026-08-06T04:00:09.200337Z,225.31,0.0646,0,0.0753,0.0779,474,UPI,0.9252,normal,legitimate
b11a5f63-a22e-c892-7b89-aea42066e520,2026-07-28T11:22:07.911557Z,217.23,0.1631,0,0.0675,0.0077,931,UPI,0.9059,normal,legitimate
3c8f502d-155a-2408-9435-b516459b788c,2026-07-31T03:28:26.400046Z,458.38,0.1357,0,0.2071,0.0631,776,UPI,0.8547,normal,legitimate
dd4dab45-6550-5801-615b-19970b5a641a,2026-08-03T22:38:46.340219Z,330.76,0.0131,0,0.0805,0.0276,1048,UPI,0.962,normal,legitimate
257a67af-7bec-a8c7-67c9-cb1f3f000aed,2026-08-16T19:12:25.349962Z,1729.09,0.8781,0,0.019,0.0333,546,card,0.8508,borderline,fraud
56a4a526-e910-af62-90c3-d5d27bd46758,2026-08-14T23:01:46.415969Z,2140.43,0.1861,0,0.9028,0.1607,473,netbanking,0.8291,borderline,legitimate
ca871e6d-12ba-94cc-b853-523b12bb4e28,2026-08-04T13:44:28.052044Z,3566.89,0.2637,4,0.2011,0.0893,984,netbanking,0.9246,legitimate_but_unusual,legitimate
1af1fe61-43b3-bf0b-68db-e1acaf9594cf,2026-08-15T21:22:08.561313Z,12107.65,0.0773,0,0.1913,0.6305,418,UPI,0.981,merchant_anomaly,legitimate
6134b313-8240-8fe2-24fb-3fb2aa74bf87,2026-08-04T08:37:49.072179Z,118.01,0.2473,0,0.2073,0.0166,407,wallet,0.9337,normal,legitimate
3b59276b-ccf6-f112-aedb-110398878487,2026-08-11T04:15:21.618766Z,850.2,0.1005,0,0.1699,0.4841,464,UPI,0.9365,merchant_anomaly,legitimate
bc3afa2f-db2d-3b56-dc7d-b1db08c1e64b,2026-08-16T04:47:06.070384Z,499.1,0.0326,0,0.09,0.0209,516,UPI,0.9365,normal,legitimate
c621e52c-896b-c392-ace6-16ea902d8ed6,2026-08-03T13:10:39.157836Z,330.4,0.0808,0,0.0237,0.0455,324,UPI,0.9097,normal,legitimate
16cb02d6-7e04-a66d-885d-2bb28b8741b0,2026-07-27T17:50:55.495776Z,582.31,0.1075,0,0.1484,0.0362,1188,card,0.9188,normal,legitimate
eb96c07b-33db-2ec1-5f73-11dd4532ef7d,2026-08-19T21:46:42.360929Z,1259.43,0.0214,0,0.033,0.0607,269,wallet,0.9149,normal,legitimate
a6b2e25f-218d-fd82-b759-b72a9b9e662a,2026-08-18T18:04:41.073445Z,894.53,0.0714,0,0.0939,0.0257,802,UPI,0.9325,normal,legitimate
a638a710-1155-6503-8329-eaf2582234f1,2026-07-24T22:08:16.174839Z,573.19,0.2193,0,0.1939,0.0872,80,UPI,0.8539,normal,legitimate
269c74ac-fce3-25bc-d0a5-a011021fdc40,2026-08-20T16:23:28.304858Z,500.0,0.752,3,0.9166,0.2682,154,UPI,0.4456,suspicious,fraud
8a759e78-c155-bbe6-aecb-56d26bb5d3a6,2026-08-16T06:50:44.593042Z,371.55,0.0616,0,0.221,0.0836,340,UPI,0.9881,normal,legitimate
f0a28aa4-00f3-01c3-be99-b19060c943c9,2026-08-01T20:36:18.091474Z,2106.86,0.0698,0,0.2497,0.355,144,card,0.9267,merchant_anomaly,legitimate
74a3949b-f2fc-a4d4-ec8d-3f836d85ce1e,2026-08-05T01:36:54.397419Z,256.07,0.1281,1,0.1954,0.1172,1072,UPI,0.9784,normal,legitimate
45326c0c-dbc0-3bf8-0324-33305d9ff2a7,2026-08-21T03:53:41.552275Z,960.13,0.9608,5,0.853,0.3032,180,UPI,0.4617,suspicious,fraud
2853c286-bbde-fb29-6973-49bb0d904870,2026-08-07T08:34:09.468359Z,1235.72,0.2091,0,0.055,0.0204,1019,netbanking,0.972,normal,legitimate
74622748-faeb-7f49-48b5-c09677a769d8,2026-08-02T00:53:08.007199Z,923.33,0.8667,0,0.7206,0.1506,47,UPI,0.7903,borderline,legitimate
c35eae39-7e63-016b-e959-3f40f83bbe16,2026-08-15T03:11:54.406564Z,769.99,0.1814,1,0.1294,0.0334,946,UPI,0.9912,normal,legitimate
9f82c125-fcfa-7101-58fc-338c5e064f22,2026-08-08T21:59:42.362485Z,627.86,0.1265,5,0.9178,0.0304,493,card,0.6597,borderline,legitimate
1ca48cd9-a42a-b4b1-16ea-550f25257ddd,2026-08-13T21:28:09.455903Z,945.85,0.9334,3,0.8159,0.1568,23,UPI,0.3123,suspicious,fraud
24073b64-e51e-bda9-d495-a16935337b00,2026-08-13T21:23:50.509528Z,640.1,0.2388,0,0.1717,0.0917,368,UPI,0.9155,normal,legitimate
9a9e980b-a5cd-b6ca-84cf-7aee54a57f49,2026-08-02T23:48:37.472530Z,3809.56,0.1864,6,0.2549,0.0119,707,netbanking,0.934,legitimate_but_unusual,legitimate
1d1b6a64-4e65-088e-5a5b-fe6fb2e94b17,2026-07-30T18:30:05.479063Z,313.14,0.2489,0,0.1516,0.0607,156,UPI,0.9364,normal,legitimate
d9446eb9-6584-5456-292a-11941f79d0e7,2026-08-10T20:15:30.976751Z,698.75,0.0824,0,0.24,0.0362,849,UPI,0.9573,normal,legitimate
b28e50fe-dfad-e11d-1067-8fe169ff3e09,2026-08-02T06:40:53.518488Z,249.97,0.0785,0,0.9152,0.148,264,UPI,0.7439,borderline,legitimate
bc19f3c6-6bcb-c360-b594-f38ea66880b4,2026-07-29T12:22:19.131372Z,781.51,0.0903,2,0.1511,0.0775,565,UPI,0.9242,normal,legitimate
a10083f0-c990-2865-bd67-13e5e38339ed,2026-07-25T01:39:51.429904Z,1840.04,0.1095,0,0.0292,0.0406,224,UPI,0.8952,normal,legitimate
f24ccbad-3611-b414-31ca-56254a71c1ba,2026-07-27T19:20:44.272733Z,32775.47,0.837,5,0.9063,0.9416,50,UPI,0.2308,fraud,fraud
56b87f06-3640-9bfa-db9d-f9271f67fcd6,2026-08-02T16:50:18.991765Z,48.72,0.2184,0,0.1461,0.042,181,card,0.9358,normal,legitimate
57ea06dc-2cff-7de7-fc55-926e0903dd70,2026-08-21T13:57:24.913187Z,2531.95,0.125,4,0.1115,0.0679,746,card,0.8587,legitimate_but_unusual,legitimate
dd063d0b-0278-958f-dd93-6e2a05962cdd,2026-08-23T07:17:20.375114Z,2339.47,0.0393,0,0.1255,0.0655,515,netbanking,0.9203,normal,legitimate
39e4690e-9376-b0bd-dbd9-6a1ec7e166c4,2026-07-29T14:29:49.427558Z,509.2,0.1337,0,0.1717,0.0889,1183,card,0.8885,normal,legitimate
509af4b4-8781-1ab6-a236-a0baa2f148ca,2026-07-25T08:08:21.328982Z,346.52,0.2101,0,0.0055,0.0154,785,card,0.9528,normal,legitimate
02a43961-5458-d88a-196f-03dd471994f3,2026-08-09T19:27:05.769948Z,69.75,0.1774,0,0.136,0.0265,570,card,0.9274,normal,legitimate
927f8ec6-c41a-ea70-32f1-e7f60a731332,2026-08-15T16:56:48.414318Z,671.26,0.1026,0,0.0111,0.0361,963,UPI,0.9093,normal,legitimate
3679b512-65e3-c536-75e3-519fd1e75503,2026-08-23T13:12:09.650390Z,318.53,0.0864,1,0.1037,0.0204,51,card,0.9008,normal,legitimate
54ef241e-2968-a7d0-6395-969328e0827f,2026-08-03T09:17:31.877583Z,250.65,0.0597,0,0.0876,0.0498,710,card,0.8526,normal,legitimate
53e45c26-a3d7-77f8-1954-28f2ae8c2265,2026-08-13T03:23:30.490161Z,1238.06,0.8171,0,0.9392,0.1665,82,UPI,0.5863,borderline,legitimate
4fec32fe-6c2e-bcbd-ccc9-d6e8f5fba92d,2026-07-31T22:00:24.696537Z,3842.31,0.0115,0,0.244,0.8111,205,card,0.9617,merchant_anomaly,legitimate
3d894a3f-f5c5-ee18-3b77-e9de7c71af67,2026-08-08T04:00:50.217677Z,570.77,0.108,0,0.245,0.1019,582,card,0.9866,normal,legitimate
65864fe4-bf30-e37c-775d-e9020c824858,2026-08-18T16:50:44.736187Z,2143.44,0.9237,6,0.9481,0.4523,33,wallet,0.3753,fraud,fraud
9f967a24-cebd-b304-4f22-b77f35b57b7b,2026-08-06T20:27:05.543729Z,281.8,0.2235,0,0.0529,0.0111,343,UPI,0.9443,normal,legitimate
d6462c7b-971d-d4cf-632c-f9c9f3583536,2026-08-15T08:17:57.314998Z,247.54,0.0937,0,0.9524,0.0825,529,UPI,0.8606,borderline,legitimate
6ce8b062-df8e-82f8-ef9b-235715a506c6,2026-08-19T08:18:37.012074Z,195.46,0.2149,0,0.1806,0.0878,322,UPI,0.9548,normal,legitimate
2dce5446-2cce-4a2a-00f0-0265a7acce63,2026-08-18T04:54:04.448708Z,1167.23,0.2498,0,0.1743,0.0106,924,netbanking,0.9954,normal,legitimate
7aab0443-bd59-3f29-d515-40205c2de841,2026-07-28T08:40:42.743186Z,1552.2,0.8769,3,0.9733,0.1371,94,wallet,0.3231,suspicious,fraud
29544cb5-1c47-04c6-e45a-9054923d57f6,2026-08-19T07:28:48.321964Z,1604.61,0.8401,3,0.8272,0.1473,140,card,0.5947,suspicious,legitimate
483a4132-f700-01e4-7e78-5de2f219f55f,2026-08-07T02:35:23.914501Z,485.67,0.8705,0,0.0102,0.166,348,card,0.7761,borderline,fraud
61b12aa1-7ebe-c2b8-4ab4-e80d681b8445,2026-08-21T08:51:35.025375Z,213.97,0.0574,1,0.1952,0.0482,817,UPI,0.875,normal,legitimate
988ae923-3fd9-24bd-6769-e1280c894f8c,2026-08-13T11:27:09.689529Z,1000.0,0.7953,4,0.7847,0.8018,63,UPI,0.1191,fraud,fraud
82371e31-4840-b466-877a-c85260d5f05d,2026-08-10T21:21:16.073799Z,526.29,0.1711,0,0.2364,0.0129,1008,UPI,0.8951,normal,legitimate
2d482dc1-e4e6-ab8b-684c-5bb06c6483cb,2026-07-29T18:13:22.168181Z,1004.51,0.0258,1,0.8344,0.1351,142,UPI,0.6342,borderline,legitimate
7d1e9a8c-7514-0818-2fc2-efb6584ed02e,2026-07-27T18:15:07.845015Z,673.94,0.1905,0,0.0426,0.0169,494,UPI,0.8736,normal,legitimate
64c40fff-b942-ed1f-8388-495e6efea762,2026-08-13T20:44:20.138632Z,273.65,0.0916,0,0.2089,0.0098,619,UPI,0.907,normal,legitimate
b53547b1-6a44-12da-91f6-0f6ea3d96567,2026-08-18T15:09:43.157160Z,4650.28,0.2347,0,0.0452,0.0597,879,UPI,0.881,normal,legitimate
94805d85-5334-ca17-c54f-a39f95d9cd41,2026-08-11T05:36:48.956788Z,245.07,0.1163,0,0.1473,0.0121,406,UPI,0.9983,normal,legitimate
043e16a4-bfe5-abf5-22e4-b9d05c1b7b90,2026-08-11T16:31:26.264941Z,1118.97,0.9326,1,0.8491,0.1873,172,UPI,0.7929,borderline,legitimate
d4dcd2f9-b43e-e832-5189-31cde4b78a10,2026-08-12T08:14:15.800522Z,1124.06,0.0293,0,0.1353,0.003,968,UPI,0.916,normal,legitimate
bd50bd0a-fe1a-54e5-71e1-eef709b77c52,2026-08-13T08:14:10.232004Z,859.82,0.1998,0,0.092,0.0219,990,card,0.8582,normal,legitimate
331fe1b9-8f9a-fb21-0c71-d1f9719133f8,2026-07-27T15:50:56.159017Z,2244.61,0.0268,2,0.1621,0.1086,714,UPI,0.8876,normal,legitimate
726665fd-5d04-b717-957f-79ef849cf6a8,2026-07-29T12:20:16.909821Z,61823.05,0.2971,2,0.1574,0.0008,423,UPI,0.9549,legitimate_but_unusual,legitimate
d38a7957-791a-06ec-7100-1a181302a630,2026-07-30T14:32:03.738766Z,1908.41,0.8739,10,0.9314,0.3456,2,UPI,0.2773,fraud,fraud
f9705dea-8641-1750-0daf-b0084e91da1e,2026-08-04T05:31:34.795597Z,7600.43,0.2359,1,0.2466,0.0675,737,card,0.9947,normal,legitimate
1b7aae1a-0383-f33b-9555-6f624b7868c9,2026-08-17T17:14:10.113183Z,302.47,0.1408,0,0.1102,0.1027,1046,netbanking,0.9347,normal,legitimate
b247d8d3-ae56-249a-fe17-b8c3ee6e6697,2026-08-20T01:45:19.993959Z,284.42,0.0567,1,0.0718,0.0509,383,UPI,0.9309,normal,legitimate
029375aa-0507-7384-5697-3fbc6d33ab63,2026-08-11T21:35:13.011579Z,2607.38,0.1484,3,0.8783,0.1187,505,card,0.5837,borderline,fraud
fd09fa19-d895-acf0-6240-dba9980842f9,2026-07-26T15:17:25.000513Z,258.82,0.0631,0,0.2431,0.0649,355,UPI,0.9627,normal,legitimate
22a6e01a-a133-759c-0fa4-a0fdd11990aa,2026-08-01T17:40:55.059088Z,547.98,0.9834,3,0.848,0.3344,10,UPI,0.4079,suspicious,fraud
e071f0b2-459e-cdc5-3b02-1117b2c42e7d,2026-08-01T15:42:14.958427Z,1543.11,0.8294,5,0.8751,0.173,96,UPI,0.6532,suspicious,legitimate
1088bea1-67f1-a71d-de7c-8242611b6f60,2026-08-05T19:34:43.088167Z,2483.34,0.197,0,0.094,0.0156,590,netbanking,0.979,normal,legitimate
eeb119bb-9889-3b27-7146-b4381089c893,2026-07-26T17:49:37.180850Z,7641.88,0.7739,7,0.861,0.7099,5,UPI,0.2221,fraud,fraud
c05db6f8-b8b1-5173-5c28-d3546ca61479,2026-08-17T19:05:27.782823Z,631.02,0.2155,0,0.1173,0.001,126,UPI,0.9862,normal,legitimate
ecda0e69-8e06-338a-aacc-6bc11cd2fb33,2026-07-25T15:56:00.777011Z,393.89,0.0881,0,0.1104,0.0117,121,UPI,0.8677,normal,legitimate
2e10678a-623b-13b3-369b-2ea3a71b6b23,2026-07-27T15:48:41.378860Z,196.26,0.1996,0,0.0228,0.12,892,UPI,0.9155,normal,legitimate
27ad32ef-280d-27d7-d50e-f2ec0abb22e9,2026-08-01T22:25:31.104470Z,569.09,0.1533,0,0.248,0.0495,723,UPI,0.9715,normal,legitimate
e6c843b2-06bd-8857-a98b-cbf01d2f9487,2026-08-19T08:36:05.926469Z,4295.14,0.2394,5,0.0435,0.0721,1370,UPI,0.9269,legitimate_but_unusual,legitimate
6e15c0a1-8f20-5215-7453-cd7244ec7917,2026-07-29T06:28:07.426036Z,503.74,0.2453,0,0.0625,0.0101,716,UPI,0.9901,normal,legitimate
7d93f596-8c17-a611-c5fe-d7583ab5a9b6,2026-08-06T07:17:03.818723Z,34825.39,0.8199,0,0.2062,0.0115,601,UPI,0.9183,legitimate_but_unusual,legitimate
31e60edb-d405-c792-fe76-7d8594c2a8a8,2026-08-17T11:36:38.181520Z,98.11,0.2069,0,0.2348,0.0719,344,UPI,0.9141,normal,legitimate
196f0bc6-496e-4897-d792-a6cbbd8dbb88,2026-08-05T03:04:39.294929Z,507.29,0.0755,6,0.0979,0.0254,968,netbanking,0.8518,legitimate_but_unusual,legitimate
cbd1e24d-394d-959c-1570-5686fc18cf01,2026-07-24T18:57:07.678073Z,197.79,0.1123,0,0.1274,0.0191,46,UPI,0.9846,normal,legitimate
51f4ab41-446e-1c25-82fc-77a756cea3b9,2026-08-15T00:35:51.216437Z,1099.63,0.0255,0,0.117,0.0762,882,UPI,0.8711,normal,legitimate
85e32d05-2668-fdd2-98ef-c4b8a9daa3b4,2026-08-11T11:21:36.972335Z,4078.91,0.037,4,0.1774,0.0993,450,wallet,0.8604,legitimate_but_unusual,legitimate
0bf6b8cd-8af7-5ebd-2d3b-558176afd551,2026-08-16T01:59:02.453588Z,968.84,0.1431,0,0.1709,0.0295,1027,UPI,0.9674,normal,legitimate
bb7ae26b-51d0-35b4-0122-86e480a71ee9,2026-08-02T23:59:25.287505Z,1285.95,0.1339,0,0.0072,0.0215,595,UPI,0.9358,normal,legitimate
2d8632e9-22de-8113-fccc-91d285b1c6f0,2026-07-30T02:56:07.329444Z,2980.18,0.2159,1,0.146,0.0356,333,card,0.9024,normal,legitimate
e84f7fc4-0c34-9f2f-d108-a06ae46a548d,2026-08-21T20:01:05.629418Z,582.19,0.1623,1,0.0511,0.106,125,UPI,0.9649,normal,legitimate
c0f92083-5658-7a71-6468-23ae07a43e0c,2026-08-12T22:12:59.684311Z,1459.24,0.093,0,0.2189,0.0321,373,card,0.9625,normal,legitimate
a782f9ff-52dd-f15b-eb42-99de256bef56,2026-08-18T22:56:56.778737Z,612.47,0.7245,0,0.8413,0.1174,215,UPI,0.7229,borderline,fraud
be125274-9457-d47f-33c9-27d8ffd61944,2026-08-12T11:28:15.136295Z,1974.06,0.1481,0,0.1045,0.0441,139,UPI,0.9809,normal,legitimate
607951d2-dfc0-798a-ea07-66a30b06f379,2026-07-28T19:33:23.987414Z,298.84,0.9383,0,0.1089,0.0923,104,UPI,0.5333,borderline,legitimate
da41c745-e7e6-be2f-2920-67385baa7afa,2026-08-05T01:25:25.715987Z,1488.34,0.0774,6,0.0206,0.0769,587,UPI,0.9558,legitimate_but_unusual,legitimate
bf439921-ab97-4e4b-b4a2-530817166ee9,2026-08-06T12:29:18.190500Z,206.25,0.0917,0,0.0764,0.006,125,UPI,0.8631,normal,legitimate
75a4dc52-43fb-00b6-1267-e96cd3e21233,2026-07-31T22:39:13.198319Z,247.81,0.0854,0,0.1262,0.0098,1157,card,0.8739,normal,legitimate
3c0237ce-b604-a250-9bbf-1d242833a550,2026-08-14T13:42:34.005704Z,442.75,0.9079,0,0.1575,0.0319,380,UPI,0.696,borderline,legitimate
ccb59cd6-a04f-4210-6146-fc7768286d09,2026-07-30T07:14:20.687329Z,111.17,0.0019,0,0.0089,0.0979,862,wallet,0.952,normal,legitimate
e39ec6f0-3e86-42e8-0b0f-a6cfa869b322,2026-08-02T21:34:52.643734Z,1792.73,0.1041,3,0.9215,0.174,313,card,0.8994,borderline,fraud
d29b25c8-d216-64a2-8bf6-e6a42405ddff,2026-08-21T17:35:14.368664Z,246.04,0.0121,0,0.1156,0.0835,423,UPI,0.9207,normal,legitimate
5f4a020f-c136-60f7-d543-512668b9f9ba,2026-07-31T16:12:39.061606Z,500.0,0.9502,3,0.8592,0.1638,8,card,0.4554,suspicious,fraud
6c033b0d-dfe3-c231-73db-06885d7d4e69,2026-07-27T15:21:46.917463Z,604.78,0.0609,1,0.2286,0.0838,788,card,0.9469,normal,legitimate
5606d834-74be-481b-699f-d0025541d823,2026-08-03T10:19:40.209918Z,2032.12,0.0422,1,0.1679,0.0866,66,card,0.9208,normal,legitimate
55743f9e-5b78-d935-93be-d4b3a08a9458,2026-08-06T20:37:57.974400Z,961.95,0.2299,0,0.0363,0.1041,166,wallet,0.9685,normal,legitimate
6a260770-177e-c773-186d-e671e7f3eb20,2026-08-07T19:26:57.891946Z,313.37,0.1701,0,0.0582,0.4997,869,UPI,0.9198,merchant_anomaly,legitimate
3c87d11b-87bf-34c5-5531-ec0c11eeaf70,2026-08-03T14:05:39.798566Z,1477.8,0.0398,6,0.3807,0.0034,1476,UPI,0.9728,legitimate_but_unusual,legitimate
04c7ce0e-3520-39a1-2e1c-17f8d6026137,2026-08-05T04:52:19.966592Z,130.4,0.1449,1,0.0686,0.0159,872,UPI,0.8711,normal,legitimate
ced3c40a-19a0-8a70-6b7d-8923588afeb2,2026-07-31T17:30:50.824933Z,1825.16,0.9293,4,0.8276,0.6525,8,UPI,0.0575,fraud,fraud
8c6d4ac1-fd9b-9738-94ea-e5757d3e78fa,2026-08-13T11:23:38.321154Z,351.11,0.0913,1,0.0844,0.0516,542,UPI,0.962,normal,legitimate
e2065798-f37c-6ed7-ea3d-2a0d502faed8,2026-08-03T19:44:57.930303Z,60.45,0.1773,0,0.0777,0.0388,671,UPI,0.8854,normal,legitimate
9e4fa541-f3ca-47ca-50f4-2792e43c5b14,2026-08-09T07:43:37.895397Z,7748.55,0.7854,6,0.975,0.8085,24,netbanking,0.209,fraud,fraud
79ad8614-f25e-3252-8e4a-d25a2838f6bf,2026-08-18T08:30:42.786445Z,4482.99,0.2175,1,0.0256,0.0673,764,UPI,0.9951,normal,legitimate
45f395d2-0ecf-a24d-3574-355cea3b7e89,2026-07-27T14:10:36.501170Z,829.63,0.1686,1,0.2008,0.0301,224,card,0.8648,normal,legitimate
a54f1914-3d93-ac54-354a-41d3b38645ba,2026-08-14T15:16:42.797104Z,362.32,0.9411,0,0.904,0.1527,274,UPI,0.6117,borderline,legitimate
5d45acd6-80a2-1148-b22e-befa6174a318,2026-08-16T03:17:02.713902Z,74902.1,0.5665,0,0.0624,0.0959,410,card,0.8706,legitimate_but_unusual,legitimate
f5d3936c-3250-cb13-1c9c-87bccdedaf1a,2026-08-01T22:03:14.395625Z,545.45,0.2181,0,0.1202,0.014,1176,netbanking,0.9073,normal,legitimate
4acab153-8f8f-9ac1-f286-1d26de5e8bd7,2026-08-13T19:50:46.095218Z,565.77,0.1903,1,0.0196,0.0294,741,card,0.8565,normal,legitimate
1c51cef2-7dee-97c6-03d5-2bb3eec90aa6,2026-08-01T14:39:53.742226Z,76952.46,0.2778,1,0.0194,0.0131,1321,card,0.9417,legitimate_but_unusual,legitimate
cab3e514-d13b-8eb9-f53b-730f0b1ce197,2026-08-07T08:54:01.876298Z,455.6,0.0539,0,0.0503,0.0102,30,netbanking,0.9767,normal,legitimate
1980569f-18bc-e1d8-89b5-04c8fa79ad50,2026-08-22T21:26:42.025906Z,976.15,0.0152,0,0.0439,0.0227,931,card,0.9158,normal,legitimate
0d0ac844-0832-dfbd-278a-a88ac18fe7b2,2026-08-03T08:09:07.420748Z,470.24,0.1432,0,0.1539,0.0265,492,card,0.9086,normal,legitimate
9b4c24c6-0fab-6a44-ae2e-dec5d0294538,2026-08-22T09:51:45.020839Z,347.34,0.005,0,0.2332,0.01,159,UPI,0.9776,normal,legitimate
f2692d18-f1e2-459e-2288-d9aed66a2856,2026-07-28T15:31:51.119372Z,1974.29,0.0674,0,0.2184,0.0292,239,wallet,0.8603,normal,legitimate
e5d36801-30a8-a8da-2d45-f60170d3ab0c,2026-08-17T22:58:52.144146Z,1591.92,0.0185,1,0.0084,0.0059,475,UPI,0.9153,normal,legitimate
f0fdc10e-5401-e881-adab-aa577e4169ad,2026-08-19T11:21:27.786882Z,204.42,0.0538,0,0.0966,0.084,576,UPI,0.9741,normal,legitimate
81ec1615-aeb6-d7c5-cd33-35ae53cce43a,2026-08-06T06:17:34.878659Z,470.52,0.1006,0,0.1245,0.0213,448,UPI,0.8954,normal,legitimate
986e3177-b9ce-b027-3ec2-ea8abdec59fb,2026-07-27T10:39:35.507940Z,25.32,0.2479,0,0.1648,0.0171,375,card,0.9464,normal,legitimate
747a9006-dcfc-52d0-9904-5c579812e21b,2026-08-09T21:49:22.933210Z,2039.11,0.1296,0,0.1243,0.013,453,UPI,0.8808,normal,legitimate
f182d07b-fc74-130a-33b6-bbfe401d2691,2026-08-20T15:25:53.140408Z,1765.91,0.8149,4,0.9655,0.0866,143,card,0.6749,suspicious,fraud
4d48fdd6-7bc8-49bf-4ae0-426266bf6fbd,2026-08-14T09:15:50.155922Z,564.71,0.2355,0,0.0752,0.0698,153,card,0.9004,normal,legitimate
97e63e57-965a-fbdd-bd1c-46eedf7ed68f,2026-07-29T01:27:34.625570Z,287.96,0.2444,1,0.0869,0.0009,632,UPI,0.8949,normal,legitimate
854c40ff-b19a-0aa0-fdd7-45f46c5d79e7,2026-08-02T21:27:41.870291Z,541.94,0.1308,3,0.0651,0.1561,447,UPI,0.8311,borderline,legitimate
fb6ec3bc-5182-d6a6-e752-dc79e21c89cf,2026-08-12T12:37:17.843798Z,2873.54,0.0025,1,0.022,0.0124,399,UPI,0.9887,normal,legitimate
ceac50c1-e404-e0c8-549b-cc9e8d2fada3,2026-07-30T17:06:28.065770Z,495.45,0.122,0,0.036,0.0161,776,UPI,0.8657,normal,legitimate
72c76b13-6e18-8a89-f842-fe20965eca75,2026-07-30T22:57:43.342491Z,2233.41,0.0481,0,0.003,0.0163,76,card,0.9792,normal,legitimate
43b9cbed-4599-9418-4a86-e8ae0051aa8e,2026-08-13T19:27:10.807482Z,1000.0,0.8647,9,0.8672,0.5826,68,UPI,0.0669,fraud,fraud
47970db5-7e00-c0a6-69cc-0c27f06b70c5,2026-08-01T21:26:56.463053Z,796.81,0.1621,0,0.1909,0.0693,1073,UPI,0.9625,normal,legitimate
e8f6f403-2484-fcf3-1749-a6ed5c0dac54,2026-07-27T00:45:03.882252Z,584.29,0.1989,0,0.0392,0.0568,662,card,0.9498,normal,legitimate
ba816581-426e-2b88-4ad8-c9f62c12c322,2026-08-19T00:35:25.096247Z,1378.43,0.1066,0,0.1234,0.0005,479,UPI,0.9776,normal,legitimate
55c5ee51-8cd1-314c-ba02-41e5129c9819,2026-07-29T04:48:28.552966Z,330.49,0.0679,0,0.2153,0.0578,1021,UPI,0.9852,normal,legitimate
f90c1077-fdad-aaa7-f5c9-4e90c084ab28,2026-08-04T17:17:20.950157Z,11037.8,0.858,4,0.8743,0.2259,70,UPI,0.6948,suspicious,legitimate
22877061-9d2c-9fac-d7ec-c2e0e9af5088,2026-08-11T11:57:06.553127Z,2226.27,0.1405,0,0.0918,0.0084,1129,UPI,0.8856,normal,legitimate
07740247-7924-702b-5bb5-2830a3da97a5,2026-07-29T23:08:10.778670Z,2146.08,0.0529,0,0.11,0.015,1188,UPI,0.855,normal,legitimate
2f99ecbe-2731-ec4c-9780-be2fb1b74493,2026-07-31T19:01:12.502745Z,1966.01,0.7962,3,0.8662,0.1971,16,UPI,0.6749,suspicious,fraud
480dc0ec-785f-5142-69b6-63548af92dd6,2026-08-22T17:58:19.049418Z,2570.21,0.0939,0,0.7932,0.0144,382,card,0.6385,borderline,legitimate
911ee31a-1188-243b-7562-2b6e888cb0db,2026-08-09T04:31:10.748991Z,3538.04,0.1224,5,0.3511,0.074,1310,UPI,0.8951,legitimate_but_unusual,legitimate
20a3ba08-7524-c785-61bf-40c35b747785,2026-08-14T18:19:18.245598Z,793.23,0.1414,1,0.9123,0.1709,470,UPI,0.8496,borderline,legitimate
b313030f-73ea-1ca2-c44f-fcc094d3f7a2,2026-08-02T09:15:53.841381Z,1431.33,0.2316,4,0.3693,0.0559,1352,UPI,0.9967,legitimate_but_unusual,legitimate
24b64b16-3013-d948-2812-f89d10fe75d1,2026-08-18T02:19:56.144104Z,1673.05,0.0216,1,0.1594,0.0753,742,UPI,0.942,normal,legitimate
6c03f180-0faa-938c-6d24-9ad406734ef2,2026-08-08T19:53:35.217479Z,440.69,0.7434,3,0.2107,0.1417,386,card,0.6425,borderline,fraud
8659a3f2-09d5-cf26-8e11-e93f27e3b83e,2026-07-29T18:32:17.007771Z,1126.34,0.8388,3,0.7166,0.0988,27,card,0.4761,suspicious,fraud
60ab9257-75b4-581a-25eb-3dd28cd75689,2026-08-01T16:02:54.747061Z,1050.19,0.0358,0,0.1416,0.0071,891,card,0.999,normal,legitimate
fb703678-0a85-d41d-62db-5ce9d0706dc6,2026-08-23T06:07:59.746745Z,2117.23,0.0727,4,0.1391,0.0303,59,card,0.5624,borderline,legitimate
fd509d9e-81ec-409a-3b94-73a6966a635d,2026-08-11T21:35:37.189000Z,372.86,0.2267,0,0.1927,0.0064,32,UPI,0.998,normal,legitimate
a37a8129-1eef-bf54-3576-aa933eea1e5b,2026-07-28T07:12:49.615307Z,2581.29,0.8144,1,0.0684,0.1009,218,wallet,0.8542,borderline,legitimate
794accb4-c1e4-8725-0446-d3141c586983,2026-07-29T10:11:04.192943Z,583.87,0.1242,1,0.0403,0.018,820,UPI,0.9856,normal,legitimate
c922458f-a723-9bc6-9f57-8002f1f0f4f0,2026-08-06T20:48:52.769921Z,240.2,0.0237,0,0.0791,0.0259,86,wallet,0.8757,normal,legitimate
6af463bb-47d4-99c7-bcae-4199142ccb98,2026-07-24T14:01:19.623247Z,1759.72,0.0789,0,0.2329,0.034,1035,UPI,0.8539,normal,legitimate
764de443-1544-1e40-ed1a-763e9dc60197,2026-07-26T19:21:21.255314Z,583.82,0.1132,0,0.1782,0.0057,812,UPI,0.9461,normal,legitimate
00a54e6e-8418-0e73-13bd-ab3f07977f96,2026-08-08T12:13:43.296763Z,207.41,0.1811,0,0.2341,0.0651,24,UPI,0.962,normal,legitimate
82cb79cd-8fcd-fe68-ced0-2a9c58861540,2026-08-12T20:12:38.277431Z,3263.58,0.2137,4,0.2523,0.0267,680,card,0.9741,legitimate_but_unusual,legitimate
594ad0c2-39e1-07d7-352a-0a090b8c2ad5,2026-08-13T19:09:50.424316Z,162.8,0.1305,0,0.0869,0.0001,1054,UPI,0.9773,normal,legitimate
d4a28898-f777-0820-6137-7c0392b3d2e9,2026-08-05T19:57:50.866275Z,215.44,0.9478,4,0.1067,0.1653,373,UPI,0.8762,borderline,fraud
80e56b39-8315-f6f4-2e17-7a42f3a3a0aa,2026-08-03T11:31:43.288706Z,1969.88,0.9067,0,0.0175,0.1099,370,UPI,0.5818,borderline,legitimate
2f125099-2d22-cdac-2d2a-c2602fcc9793,2026-08-04T05:18:08.706805Z,699.39,0.113,4,0.2417,0.0082,1275,netbanking,0.9663,legitimate_but_unusual,legitimate
e6605efc-8a81-f9ba-979c-9f41f50dd05e,2026-07-26T11:57:29.931332Z,2441.9,0.8397,7,0.7673,0.1316,151,netbanking,0.4054,suspicious,fraud
3770db40-7686-3fdf-a9ff-77d18340eca0,2026-07-26T04:23:53.407262Z,500.0,0.9292,4,0.8228,0.298,36,UPI,0.5237,suspicious,fraud
3a5361f8-dda7-7cb4-512a-89f1ed5509fb,2026-08-20T06:54:45.291790Z,742.06,0.8113,3,0.727,0.0349,143,UPI,0.5419,suspicious,fraud
161cca80-1f5a-efdd-bd95-087349dc3574,2026-08-21T02:25:58.828569Z,45.46,0.2252,0,0.1097,0.0916,590,card,0.9887,normal,legitimate
6bb69d94-329c-8c8f-715b-901f5d093796,2026-08-08T21:45:49.511416Z,3689.76,0.8856,7,0.9213,0.5367,16,wallet,0.2457,fraud,fraud
fcbf0b05-4721-5598-35dc-a61af87ada56,2026-08-02T18:39:13.309167Z,155.3,0.0318,0,0.2134,0.0446,897,UPI,0.8764,normal,legitimate
7cac6634-03cd-1c82-138d-4b9ed4f81f84,2026-08-17T08:18:58.180243Z,1681.27,0.8848,4,0.8075,0.0692,167,UPI,0.3705,suspicious,fraud
acbfd77c-4222-84f8-552b-f8a6ebb53e43,2026-08-17T17:39:54.105541Z,591.46,0.2359,0,0.1586,0.0072,486,UPI,0.9784,normal,legitimate
87542313-46bf-5056-2791-070b0cb2f09a,2026-08-15T19:03:44.971029Z,9199.25,0.1781,5,0.7825,0.0167,393,UPI,0.5639,borderline,fraud
ba09c572-44db-e107-0cb4-ab82ae63b6f8,2026-08-20T05:26:42.345717Z,67.61,0.157,0,0.2362,0.02,132,UPI,0.9417,normal,legitimate
6f7cf727-bd86-bd87-69d6-6ffb5a24f336,2026-07-26T11:15:39.300011Z,2509.58,0.1027,5,0.2298,0.0713,605,UPI,0.926,legitimate_but_unusual,legitimate
48419295-610a-37a7-b171-c0094ba2f133,2026-08-02T18:35:44.460796Z,1066.82,0.8721,3,0.1963,0.1299,426,card,0.7326,borderline,fraud
36b49d7b-37d0-65c7-f633-76a075d95827,2026-08-14T00:23:55.820486Z,502.77,0.073,5,0.9305,0.1472,119,UPI,0.5686,borderline,legitimate
58f6de6f-11f9-5ceb-129c-f397d697142d,2026-08-23T12:17:32.546866Z,642.43,0.2279,0,0.1613,0.0767,1092,card,0.9167,normal,legitimate
87479f2e-dc6e-30df-76ae-29ca3409046f,2026-08-07T12:48:24.669429Z,1345.9,0.2437,0,0.0982,0.049,613,UPI,0.9863,normal,legitimate
146f0283-5186-bf84-fa1f-120edcf89c70,2026-08-17T07:15:06.063681Z,2394.2,0.9051,5,0.9478,0.8627,2,UPI,0.0733,fraud,fraud
ed5d68a0-bcc6-8238-1e69-27edf65fe9bb,2026-08-20T06:10:19.578852Z,650.29,0.0688,2,0.0489,0.0292,1093,UPI,0.9284,normal,legitimate
0dcebe5f-d6e6-bc1e-7155-fba3b78d513f,2026-07-29T14:30:30.431192Z,1000.0,0.819,9,0.8264,0.3326,82,card,0.3025,fraud,fraud
b23464e6-9c17-2890-29a3-3e49756b0cb6,2026-08-14T06:38:17.981942Z,405.46,0.1855,5,0.0937,0.1047,480,card,0.7256,borderline,fraud
ec9f6f1b-11cd-01de-f99d-8972255ba95a,2026-07-31T09:05:44.054686Z,2651.52,0.1666,0,0.1729,0.0584,793,netbanking,0.8674,normal,legitimate
7623e02a-ab61-9eab-30f5-c41a67c798f3,2026-08-07T02:10:59.006002Z,138.55,0.18,0,0.2383,0.0242,1084,card,0.9712,normal,legitimate
c0758762-9fb3-33cb-8a4f-61c85da38b08,2026-07-30T06:54:38.812670Z,8304.95,0.8108,5,0.7351,0.0503,148,card,0.3865,suspicious,fraud
1b67996f-1f40-9bec-f27c-43fc285ef832,2026-08-08T16:12:33.457337Z,500.0,0.7203,5,0.8916,0.3155,188,card,0.4981,suspicious,fraud
c550c373-e429-152e-f46e-12ef3a94ab16,2026-08-08T17:27:10.190805Z,1015.13,0.2022,1,0.1794,0.0022,505,UPI,0.962,normal,legitimate
35d65f22-a086-676a-b12b-3bf5a5694a4d,2026-08-23T03:05:52.979960Z,1569.58,0.2337,0,0.1739,0.0746,469,card,0.8979,normal,legitimate
0cb42267-b7f8-b6aa-6e28-984b9e770b36,2026-08-20T19:41:13.673477Z,1326.5,0.0804,1,0.0783,0.0158,589,UPI,0.9176,normal,legitimate
9eabe2c9-63c3-3bd3-bfbe-6b8412283285,2026-08-14T05:23:34.083936Z,280.25,0.0196,0,0.0125,0.0203,58,UPI,0.9403,normal,legitimate
eb3481af-53c7-5e3f-e386-286e0822f48e,2026-08-06T13:35:31.751921Z,962.82,0.2465,0,0.0286,0.0028,27,UPI,0.968,normal,legitimate
4790f902-14ef-ef76-11e1-8b12dd6732ae,2026-08-06T14:46:13.402865Z,399.35,0.1385,0,0.091,0.0728,1124,card,0.9934,normal,legitimate
44d92f3f-ab3b-c1f0-78e3-abbd3fd72c15,2026-08-21T10:46:43.953200Z,545.3,0.0577,0,0.0007,0.0013,340,UPI,0.9594,normal,legitimate
7face724-c738-0fc6-a05f-55ef4b793c3c,2026-07-25T02:41:40.611957Z,4755.6,0.7222,6,0.9526,0.1259,41,UPI,0.359,suspicious,fraud
8d55626d-19e7-af14-2ec3-1c6c1d0c4f30,2026-07-26T02:41:59.602379Z,7421.53,0.8429,4,0.9755,0.0483,130,UPI,0.7375,suspicious,fraud
f18ec893-d08d-c8b9-b276-96ddb4d7fae4,2026-08-20T01:26:35.200594Z,268.9,0.1498,1,0.1475,0.0676,1084,UPI,0.9616,normal,legitimate
8e332f60-72ca-c841-509d-d5fe1326935c,2026-08-22T06:56:43.971583Z,67433.55,0.0471,1,0.2064,0.0304,1041,card,0.9972,legitimate_but_unusual,legitimate
70f3d2d8-e03a-664c-5f8f-a1e447b3893d,2026-08-20T03:59:14.184332Z,1294.78,0.0049,0,0.1299,0.0983,588,card,0.8881,normal,legitimate
bdbfff46-e571-62ab-9115-28005b32ec47,2026-08-12T02:54:04.121724Z,2767.76,0.8316,5,0.9192,0.1344,67,card,0.6702,suspicious,fraud
eb1d2232-c6ec-a69e-69a9-0b24b82d65e5,2026-08-22T20:14:49.401978Z,242.09,0.1504,0,0.0847,0.0085,1034,UPI,0.9799,normal,legitimate
36dc4b81-4fa1-939b-8427-132370d343fb,2026-08-19T13:04:01.117491Z,1971.41,0.8538,3,0.7566,0.2882,178,UPI,0.5743,suspicious,legitimate
0fdd13b6-f6ec-0c4b-fff7-4fdc6881fdc9,2026-08-09T00:15:28.520221Z,4971.86,0.8225,4,0.2376,0.0191,128,UPI,0.7984,borderline,legitimate
df4f7e04-df76-0455-f445-164b98728057,2026-08-22T13:20:16.767853Z,108.07,0.2048,0,0.0554,0.0367,509,card,0.9835,normal,legitimate
b1472d31-7abc-a2b9-5049-85195f8e9436,2026-08-15T09:28:40.234361Z,3133.18,0.0246,4,0.2108,0.0533,1421,UPI,0.9739,legitimate_but_unusual,legitimate
1cdfbdeb-23a8-ef03-d6e4-69531a08d6b1,2026-08-08T07:46:19.305130Z,43036.92,0.5951,0,0.2114,0.0879,439,UPI,0.8546,legitimate_but_unusual,legitimate
48fd96f5-21ea-74ad-0d2d-e12cc3c0561a,2026-08-05T07:05:02.214996Z,1282.62,0.1532,1,0.9233,0.1308,444,UPI,0.85,borderline,legitimate
76cb1991-1834-2744-50e7-a23c24940746,2026-08-19T21:46:29.149549Z,3407.52,0.8692,5,0.9315,0.9418,66,UPI,0.3986,fraud,fraud
f07e43b1-cad9-0c04-e6f3-c2fd17ad5157,2026-08-10T19:14:38.052851Z,855.29,0.0695,0,0.0233,0.12,900,netbanking,0.9395,normal,legitimate
95c39c65-66cc-7452-c1a8-f921a53c3bfa,2026-08-06T23:38:04.054654Z,273.5,0.1517,0,0.0075,0.0266,554,UPI,0.9452,normal,legitimate
eb09366b-778f-a7c9-7fb3-99428d58da9f,2026-08-15T00:18:54.639825Z,572.49,0.062,0,0.1885,0.0453,701,UPI,0.9921,normal,legitimate
5b51b33b-ecbc-3b12-fcd2-df50a5e3a073,2026-08-18T02:52:12.407424Z,1000.0,0.7536,8,0.7727,0.723,3,card,0.3883,fraud,fraud
771c4c39-7c83-74bf-ee27-778958ecec08,2026-08-05T08:08:19.495303Z,914.42,0.1858,0,0.1612,0.0007,623,UPI,0.9339,normal,legitimate
ecbc7a9f-1182-3f77-27ee-ada114f803d6,2026-08-08T01:47:18.896073Z,33.78,0.1407,0,0.1175,0.003,959,UPI,0.9253,normal,legitimate
be505d9e-9a0e-f1b2-a509-b2c0bbd27030,2026-08-05T15:27:34.546174Z,1240.27,0.0427,0,0.1801,0.0267,475,UPI,0.8652,normal,legitimate
aecb6cdf-f3db-2873-8d11-d21c77e4eb37,2026-08-17T04:04:05.050661Z,867.88,0.2258,1,0.0401,0.0556,47,netbanking,0.9864,normal,legitimate
462d6c4b-1de2-9700-862a-aa0342324e0b,2026-08-20T10:48:18.902358Z,2570.65,0.0982,0,0.0119,0.0207,907,card,0.8928,normal,legitimate
6f3a92b6-6580-eb0c-307a-3286146d8709,2026-08-17T06:01:25.648817Z,1152.88,0.7983,5,0.1465,0.1972,136,card,0.8582,borderline,legitimate
d4247d1f-3d92-dace-3030-038f7e244f37,2026-08-18T13:42:33.822768Z,413.54,0.079,2,0.0335,0.0696,159,UPI,0.8593,normal,legitimate
a9ccbede-2102-87fd-9de9-7105fa900f00,2026-08-04T15:12:35.978155Z,534.4,0.2006,0,0.0394,0.0169,625,UPI,0.8879,normal,legitimate
f5e65d15-1217-5cdb-1f0a-e6e188ea1d1e,2026-08-16T00:50:12.234361Z,883.07,0.074,0,0.0854,0.0104,1180,netbanking,0.8763,normal,legitimate
3ce84dc9-e4af-4c42-aaa3-e3167b7dab96,2026-08-04T20:20:15.462585Z,621.12,0.1166,0,0.1156,0.0141,626,card,0.9996,normal,legitimate
6346a1b4-7bf5-9964-a04f-3bb097a79b86,2026-08-18T17:42:50.833321Z,289.52,0.1168,0,0.0657,0.12,1035,card,0.866,normal,legitimate
41db9fb7-d89e-68d3-354c-df04cffaffd5,2026-08-11T07:06:53.431779Z,7883.17,0.916,1,0.0688,0.1886,233,UPI,0.6889,borderline,fraud
49eb969e-c163-64c2-ad8b-a776082f1d80,2026-08-09T19:00:56.062326Z,412.41,0.1491,0,0.1023,0.0146,613,card,0.929,normal,legitimate
808b5efe-c650-1d1f-213e-f22e3706c47b,2026-08-20T14:09:21.174170Z,1000.0,0.9945,7,0.9045,0.301,44,UPI,0.1648,fraud,fraud
f230a1c6-0c0d-638f-8bd4-4da19cec92e6,2026-07-29T23:38:09.340714Z,10308.16,0.7413,5,0.8152,0.2562,172,UPI,0.4279,suspicious,fraud
e2e4ff90-35c5-05f3-6170-de7936d08a65,2026-08-03T16:58:01.491075Z,2650.92,0.0609,0,0.2026,0.0082,55,card,0.8946,normal,legitimate
7196c931-17a6-1f25-2463-3633cde90808,2026-08-23T02:36:25.858383Z,438.47,0.8055,3,0.0873,0.1553,504,card,0.6869,borderline,fraud
2f95d517-fdb8-25f7-8bee-afe5c451ec8e,2026-07-26T13:55:35.774754Z,764.84,0.0774,0,0.2445,0.0033,1115,UPI,0.8826,normal,legitimate
46f9c1d9-5582-0aaf-f64b-ac8f20098c8b,2026-08-15T03:17:12.631460Z,259.76,0.0283,0,0.2311,0.12,254,UPI,0.9807,normal,legitimate
bac34416-e13c-0948-d763-90687b9cad40,2026-08-05T09:06:01.961064Z,4607.44,0.0931,0,0.0029,0.0017,253,UPI,0.8584,normal,legitimate
2edd4402-a26c-94fd-1230-71ff71dd5d33,2026-08-20T09:44:52.432166Z,1056.76,0.1331,1,0.0764,0.0232,728,UPI,0.9903,normal,legitimate
8e0e1853-405c-55a1-4b6c-d05df9ef1d9c,2026-08-09T15:40:21.905509Z,2421.7,0.1627,0,0.2404,0.0119,599,card,0.8732,normal,legitimate
037d6982-03b7-18a2-6686-27ff27d6983a,2026-08-12T02:18:58.607959Z,2154.8,0.067,0,0.1583,0.0195,338,UPI,0.8684,normal,legitimate
f385951d-59f4-e5fb-8f6a-b6d7b447ae2e,2026-07-29T09:51:06.496033Z,526.49,0.0666,0,0.7995,0.0571,175,card,0.8937,borderline,fraud
3f59318d-1214-d7e6-6461-74f274d8e329,2026-08-15T17:39:57.862422Z,686.43,0.1185,0,0.9462,0.1699,146,card,0.5788,borderline,fraud
15914d42-e12b-ea84-13ca-d3e620776c22,2026-08-09T16:41:36.367621Z,557.43,0.8682,6,0.9332,0.2096,47,UPI,0.5285,suspicious,legitimate
14632376-1bdd-3bd3-caa2-1fa3f6f2d57e,2026-08-12T16:11:22.137734Z,684.41,0.0747,0,0.1372,0.0061,910,UPI,0.9448,normal,legitimate
c9904981-db76-2b45-c3c5-cc78ba3cf8ef,2026-07-26T13:33:10.032697Z,2861.52,0.2082,4,0.1553,0.1118,309,card,0.6403,borderline,legitimate
9abf213d-7cdd-56f2-e86b-8473a71a688f,2026-08-15T13:32:35.939130Z,171.35,0.0214,0,0.0002,0.0424,405,UPI,0.9999,normal,legitimate
7ffd5af3-337e-867b-52d3-cc92f9ed367e,2026-07-29T06:27:54.308556Z,306.78,0.0856,0,0.1719,0.002,478,netbanking,0.9365,normal,legitimate
0a307d2e-fdec-85f5-4937-90e867abaf57,2026-08-01T17:48:26.217960Z,648.37,0.1149,1,0.0352,0.0857,519,UPI,0.9554,normal,legitimate
757d9e6d-7c5a-1f72-a67c-b4b7a8ef79b9,2026-08-10T18:35:25.384005Z,668.94,0.2477,0,0.2093,0.026,665,UPI,0.9166,normal,legitimate
0d86d9d3-c679-482d-e426-cebbfc971763,2026-08-12T06:20:11.290142Z,499.02,0.1645,1,0.0774,0.0608,329,UPI,0.8859,normal,legitimate
6edea204-6766-e1b9-3b83-43dfaa6acc97,2026-08-01T20:12:27.049267Z,1214.11,0.1913,1,0.1267,0.02,913,UPI,0.8815,normal,legitimate
91a655b7-0130-6066-b0af-ca454caa0afa,2026-08-10T04:25:38.123832Z,372.03,0.0892,0,0.2135,0.0459,894,wallet,0.9373,normal,legitimate
7ae4898f-9caf-9427-219e-41707c81c144,2026-08-18T04:19:41.914520Z,2322.86,0.8733,4,0.8428,0.9427,59,UPI,0.3017,fraud,fraud
0bbeacf1-4536-38f8-107e-17267203f9f2,2026-08-19T20:56:59.970705Z,246.42,0.0417,0,0.1253,0.0016,1157,UPI,0.9432,normal,legitimate
61005976-8f2c-abdc-6f77-6969b231cd75,2026-08-15T10:25:37.254448Z,508.66,0.139,0,0.1081,0.0227,615,UPI,0.9804,normal,legitimate
e76bf971-96ea-7180-dce5-e012c9b76a4c,2026-08-04T06:58:43.424614Z,25336.49,0.9398,4,0.9367,0.2647,87,netbanking,0.0501,fraud,fraud
fbf79253-60df-8912-01c0-8884e018c488,2026-08-06T20:59:03.366827Z,3078.26,0.136,0,0.244,0.12,239,UPI,0.8818,normal,legitimate
dc08c372-6c66-2fd8-86be-8b52abc3b4ba,2026-08-05T19:34:50.266982Z,1894.76,0.0787,4,0.1351,0.0488,797,wallet,0.871,legitimate_but_unusual,legitimate
cf3f736b-64f3-7bdb-ba6f-76a353d0eaf6,2026-08-06T08:09:51.456655Z,211.72,0.1002,1,0.021,0.0903,183,UPI,0.9085,normal,legitimate
24c2643b-a8e3-cb37-6038-286630f0f8ec,2026-07-25T20:11:13.110548Z,16043.5,0.9243,4,0.8574,0.5515,64,card,0.3321,fraud,fraud
e70714b2-66d3-a92d-94e9-d200c9387107,2026-08-13T21:43:22.992672Z,630.25,0.06,1,0.13,0.0033,368,card,0.9478,normal,legitimate
fcafa867-66c5-eb83-96bc-fbcd63845900,2026-07-25T10:17:49.297767Z,12038.8,0.0401,1,0.7873,0.1029,50,UPI,0.8409,borderline,legitimate
71d8467f-d16f-803e-903c-2b9e195eb4d4,2026-08-09T02:57:56.908121Z,173.68,0.0483,0,0.2404,0.0166,689,UPI,0.9765,normal,legitimate
074e40b7-6368-c267-ef5a-b6e8dd31139a,2026-08-08T02:28:20.442322Z,1213.32,0.1784,0,0.1887,0.0102,767,UPI,0.9594,normal,legitimate
2f3bd8b9-cfc8-bed8-8204-a9e5931138db,2026-07-26T14:24:30.994795Z,1070.94,0.246,0,0.0425,0.0426,971,UPI,0.9884,normal,legitimate
1a8ed43b-9f10-e2a3-9438-3e8a07eb6945,2026-08-10T22:04:53.764103Z,410.66,0.0149,0,0.2332,0.0092,339,netbanking,0.9524,normal,legitimate
88f9cd6f-c5be-bba0-5a7f-c1e969dc13cc,2026-08-22T04:45:37.655100Z,5080.93,0.1252,1,0.7859,0.1347,304,card,0.7826,borderline,fraud
6f996c1a-9956-df0c-4d9e-c59d8b4e8167,2026-07-29T04:55:25.577350Z,654.72,0.8287,4,0.0124,0.1416,199,UPI,0.5942,borderline,fraud
b5e4e91f-d6cb-65d6-384b-bceb008c0755,2026-08-02T00:45:48.781138Z,340.74,0.1296,0,0.1037,0.0013,202,card,0.8664,normal,legitimate
94ca7ace-502c-50c2-d606-a6a8e4d55eb9,2026-08-04T02:52:40.652008Z,200.56,0.0798,0,0.1951,0.0531,33,card,0.9147,normal,legitimate
d278d2b5-3bfe-73c2-ab3f-795078ddf1fc,2026-08-16T05:04:14.810915Z,223.49,0.2019,0,0.1725,0.059,366,UPI,0.8614,normal,legitimate
ff5b292f-07fe-1a5d-6482-dce49ffb8dbb,2026-08-15T23:53:46.868398Z,54.15,0.0628,0,0.095,0.0379,52,UPI,0.9576,normal,legitimate
87378dd7-2d81-89bf-675d-7ebaedd8cc8e,2026-08-13T11:44:13.155424Z,2101.36,0.2104,0,0.2024,0.0038,555,netbanking,0.9265,normal,legitimate
7c2601d7-a97a-e8e7-47ea-67e697181bc5,2026-08-10T12:01:19.517030Z,1060.46,0.2225,0,0.0014,0.0664,1070,UPI,0.9668,normal,legitimate
6853661a-1dd7-b260-10b5-0de770afc988,2026-07-29T03:28:29.886764Z,548.55,0.0749,0,0.1046,0.0175,1098,UPI,0.9704,normal,legitimate
af9c075c-269c-858d-dcd5-284ba916e84b,2026-07-27T06:42:40.799700Z,190.36,0.1693,0,0.1353,0.12,997,UPI,0.9326,normal,legitimate
29ba6f28-3b1b-9672-d371-26b2c54dcd8e,2026-08-15T18:07:41.601635Z,776.72,0.2162,0,0.1566,0.0248,1175,wallet,0.8866,normal,legitimate
8658f4dc-c820-9cd9-4777-909f0b330f73,2026-07-25T10:03:13.008208Z,602.47,0.1432,1,0.0675,0.0006,16,card,0.9867,normal,legitimate
7f71c89b-8ba7-a4f7-f83f-7959bc19da2e,2026-08-15T01:33:21.530644Z,789.08,0.0928,0,0.0661,0.0143,975,card,0.8531,normal,legitimate
3c33161e-7e63-a2d2-68a5-32a6a6a784be,2026-07-29T14:35:36.902932Z,2288.45,0.2491,0,0.1686,0.0426,806,card,0.9346,normal,legitimate
c99fc660-830f-dba4-16f2-d1138d8bf947,2026-08-15T13:55:05.124355Z,2793.79,0.7791,5,0.9034,0.0998,91,card,0.4892,suspicious,fraud
69c8881c-49f2-0622-3b3a-427629d32c79,2026-08-05T18:30:11.058581Z,2768.05,0.9199,6,0.9568,0.4933,57,UPI,0.0951,fraud,fraud
9c16bd9e-2015-d47e-f3e7-9088dd61d0bd,2026-08-01T13:28:06.544039Z,223.8,0.1344,0,0.1932,0.0337,292,wallet,0.9087,normal,legitimate
839ba625-89c0-9775-b7d8-34ed904d93d7,2026-07-30T21:33:53.987612Z,727.91,0.2002,1,0.0557,0.0015,966,card,0.8857,normal,legitimate
575733ea-a0b4-bc4f-b0d8-c55c1c91cec7,2026-08-02T06:12:53.860799Z,325.77,0.1366,0,0.1443,0.0105,897,UPI,0.9437,normal,legitimate
2996e0e8-5ff7-10ac-6d88-454b45c26b6b,2026-08-14T04:28:00.020278Z,1110.66,0.8153,1,0.7756,0.0318,423,UPI,0.8123,borderline,legitimate
2ae77540-1afd-5999-4488-7f589316a9d3,2026-08-01T17:48:04.134173Z,811.52,0.1355,0,0.0144,0.0466,1084,UPI,0.9258,normal,legitimate
dc133e1a-1541-efc9-c334-eeef931b7b2c,2026-08-05T22:03:28.414642Z,813.91,0.1957,0,0.0851,0.0044,396,UPI,0.8716,normal,legitimate
39de78ee-aea5-e7f1-ca8e-0d8e4f384173,2026-08-17T15:31:25.831046Z,500.0,0.9591,3,0.8866,0.0922,86,UPI,0.5427,suspicious,fraud
2cede3d2-59fa-eab7-66d8-7ef4db833bf4,2026-08-18T06:06:52.099392Z,3254.71,0.041,0,0.1727,0.0387,347,UPI,0.8715,normal,legitimate
a607c52c-c529-c92a-c898-11db9396c0a7,2026-08-16T12:20:03.977643Z,1872.34,0.0932,2,0.0014,0.0895,48,wallet,0.8971,normal,legitimate
87b4dea4-f7e4-83ea-f2bd-89b673b3fe7f,2026-08-11T23:06:57.952618Z,531.99,0.905,3,0.8635,0.0809,105,netbanking,0.4821,suspicious,legitimate
f13ff3cc-8ef0-49d2-e10b-3d3369008b0a,2026-08-07T02:02:31.993393Z,1944.48,0.1994,0,0.1428,0.0044,623,UPI,0.9687,normal,legitimate
7d6987ee-e858-1f47-08c7-a265571512d1,2026-08-18T02:13:16.367649Z,254.58,0.0761,0,0.1833,0.043,442,UPI,0.9044,normal,legitimate
886156f1-7682-393d-842e-02c93767de87,2026-08-22T18:36:58.598424Z,530.93,0.0905,1,0.1902,0.0218,470,card,0.9518,normal,legitimate
f0191c8a-03ae-d489-5cd5-6ccad53b62a9,2026-08-04T09:58:25.690676Z,512.76,0.013,0,0.1318,0.0636,234,UPI,0.9377,normal,legitimate
2574378f-9c4c-dbdf-4cf9-df1c1f894700,2026-07-25T15:50:28.860956Z,3597.23,0.1159,6,0.1965,0.0006,1077,UPI,0.9076,legitimate_but_unusual,legitimate
669dc701-c5e2-262a-c755-c0829a15ba88,2026-07-25T20:10:44.241729Z,843.86,0.1546,0,0.2489,0.0297,999,card,0.9433,normal,legitimate
b201f092-1729-8a91-6e46-8ce65b2c25ba,2026-08-17T12:03:58.261472Z,3268.38,0.9641,7,0.8248,0.5916,66,card,0.1988,fraud,fraud
3f7ba897-f8c5-7d77-822c-e40be40d25dc,2026-07-24T21:24:17.413465Z,534.39,0.1053,0,0.0334,0.0233,611,card,0.8793,normal,legitimate
5034ff02-a8cf-e3b1-fd6f-0a6c0b715188,2026-08-18T12:41:35.519427Z,910.54,0.0888,0,0.0686,0.0034,1198,UPI,0.9377,normal,legitimate
6504c6e1-f905-d3fa-def6-6f6d3a66f8a7,2026-08-16T02:50:51.138985Z,1010.36,0.2234,2,0.2033,0.0249,1185,wallet,0.9501,normal,legitimate
10946aba-80d6-ac69-d884-d87e3c0076b4,2026-08-03T20:45:58.558709Z,82.22,0.0847,0,0.2451,0.0083,493,UPI,0.9833,normal,legitimate
e624d6e4-9a03-ba92-a381-e1c99cc868ff,2026-08-01T14:31:46.056207Z,766.56,0.1439,0,0.0847,0.0105,609,card,0.9985,normal,legitimate
506b3912-5970-dda7-0763-a8515c5aa962,2026-07-28T16:44:48.881292Z,261.7,0.2049,0,0.1907,0.0179,866,UPI,0.9802,normal,legitimate
336eed48-ed69-8bab-1a8e-aa4e9ca6faed,2026-08-10T02:50:06.621287Z,130.54,0.1175,0,0.0921,0.0146,807,card,0.9961,normal,legitimate
eb89439e-901b-ebdd-fc2c-e319e5aca6d6,2026-07-29T09:41:21.483573Z,359.03,0.0301,0,0.2396,0.0259,515,UPI,0.8765,normal,legitimate
fc992f98-b8e1-f60e-fd1c-2c7f98534b24,2026-08-10T17:39:25.588309Z,854.75,0.1034,0,0.0039,0.0479,485,UPI,0.9525,normal,legitimate
148d46b6-9bd8-e91c-f74e-73d3d9645116,2026-08-16T08:16:30.112457Z,736.76,0.1584,0,0.2447,0.0197,645,UPI,0.9612,normal,legitimate
acd0a6f5-9f02-ea0a-a300-e47cd0a1145f,2026-08-12T09:40:36.599755Z,885.2,0.132,0,0.0059,0.0472,1104,UPI,0.9438,normal,legitimate
27c40f69-e410-6cb2-232a-7dfb97234cff,2026-07-31T19:00:55.327983Z,326.31,0.053,0,0.02,0.0497,387,card,0.8508,normal,legitimate
78c5ab51-37e6-9021-07e0-eb7fd7e3703a,2026-07-28T23:47:43.285492Z,6495.42,0.8235,5,0.8466,0.9021,71,netbanking,0.0774,fraud,fraud
e9aaac33-7b43-9fbb-7611-66ac07dc9129,2026-08-08T23:58:30.771224Z,1712.24,0.0073,2,0.2155,0.0045,389,UPI,0.9939,normal,legitimate
ef9f9612-5ff4-e0a9-c35d-4e3ee5578ac6,2026-08-21T22:05:07.979205Z,1511.85,0.9056,1,0.2386,0.0816,541,netbanking,0.7313,borderline,legitimate
752d8a23-8f57-9ab2-075e-10a483e3182e,2026-07-31T00:34:51.740305Z,1368.48,0.0615,2,0.1514,0.0493,1171,card,0.9052,normal,legitimate
94fcae96-466b-dcd5-6add-0042a80ae820,2026-08-17T13:30:50.833534Z,141.18,0.8258,3,0.0916,0.0926,557,card,0.6586,borderline,fraud
9247c476-72e1-064f-5857-d5f854f370f2,2026-08-15T00:52:19.618047Z,54.79,0.0499,0,0.1495,0.0048,823,UPI,0.8546,normal,legitimate
624d4c59-47ce-938c-025f-6a1c8da3d0a1,2026-08-20T15:16:38.281992Z,265.18,0.1087,0,0.145,0.0073,636,UPI,0.8557,normal,legitimate
2c87aca7-1057-a5f9-a8b6-a40f4c19a03c,2026-08-22T01:17:00.407056Z,100.0,0.757,3,0.2406,0.0974,574,UPI,0.6355,borderline,legitimate
8e45e66d-869d-6a84-d733-71d0599aaa0c,2026-08-09T18:20:58.856472Z,500.0,0.7927,5,0.7832,0.2706,174,UPI,0.6777,suspicious,fraud
d6911d97-762c-c308-8bd1-9f4413c6a5d4,2026-08-03T00:58:20.614611Z,783.89,0.1232,2,0.0311,0.0054,368,UPI,0.9919,normal,legitimate
556e527c-66ac-de63-517a-e03c7d482bcd,2026-08-19T19:33:35.456651Z,7231.27,0.1098,0,0.0006,0.706,192,netbanking,0.9474,merchant_anomaly,fraud
8feb93c1-0b0c-5100-9072-fa588fb5044d,2026-08-11T01:56:30.200874Z,3183.47,0.1062,0,0.0824,0.0005,117,UPI,0.9113,normal,legitimate
ba7c63ea-f519-382c-772e-ffde83cae510,2026-08-04T05:48:38.566440Z,62845.03,0.1934,0,0.3864,0.0127,802,UPI,0.9984,legitimate_but_unusual,legitimate
4ddc5673-c8d9-7d34-6d97-102100885e40,2026-07-30T10:34:23.642863Z,151.91,0.1471,0,0.2027,0.0085,554,netbanking,0.8832,normal,legitimate
45a7f8c3-28eb-a90e-b534-ae28ad42a839,2026-08-14T14:49:13.828730Z,597.0,0.0681,0,0.002,0.0044,877,card,0.8907,normal,legitimate
3d385881-53a2-1e7f-6fb7-92d3d802be63,2026-07-29T04:39:27.183052Z,367.44,0.025,0,0.1785,0.0371,514,UPI,0.9348,normal,legitimate
e7b102a9-ecdc-42ef-74bf-a94780b365a3,2026-07-27T21:30:39.389961Z,202.21,0.234,0,0.2244,0.0067,1007,card,0.8816,normal,legitimate
53a9a088-05a1-9861-489f-da739b7fc585,2026-07-26T22:07:26.579965Z,3976.2,0.0855,5,0.8671,0.103,538,UPI,0.7972,borderline,legitimate
927c3637-1e35-ddf0-cfb7-aca88db6abd3,2026-08-09T05:27:03.383566Z,313.94,0.0132,0,0.2376,0.0038,1145,netbanking,0.9062,normal,legitimate
5ba28793-1eff-da5f-79ad-519b88d7a411,2026-08-01T21:46:28.449847Z,2254.88,0.0431,0,0.0646,0.0413,868,card,0.9322,normal,legitimate
e417efa9-cb3c-9488-a468-8179306923c8,2026-08-08T14:12:01.963259Z,279.59,0.1213,0,0.0811,0.0061,210,UPI,0.9017,normal,legitimate
6ceb3fdc-6edc-d738-219d-e823565627f7,2026-08-12T11:02:15.575654Z,500.0,0.8839,4,0.7526,0.3372,76,wallet,0.4231,suspicious,fraud
68002fff-cb46-f4a7-3869-23ba36ccdf8e,2026-08-19T04:53:27.956214Z,20128.2,0.8776,7,0.9311,0.4427,75,netbanking,0.3483,fraud,fraud
73bebba8-a1eb-2a26-8dda-51fa284a037c,2026-08-05T15:09:55.344013Z,1000.0,0.8374,5,0.7585,0.6142,68,UPI,0.2785,fraud,fraud
4b692351-b519-22e9-4bae-416fad18e576,2026-08-17T16:01:25.943065Z,257.72,0.2018,0,0.2373,0.0026,654,UPI,0.9293,normal,legitimate
840f32b9-af14-7d0c-59b6-f17e91a35888,2026-08-05T10:30:42.531048Z,5887.88,0.1222,1,0.1654,0.0047,291,wallet,0.9647,normal,legitimate
c6bf9240-bff9-a1e5-43de-2e127dd8d0e1,2026-07-28T06:06:09.636162Z,4109.94,0.9589,5,0.7951,0.3177,135,UPI,0.6189,suspicious,fraud
50f2fc85-9726-03fb-3c7e-611d3c82373a,2026-08-15T03:29:33.089476Z,158.38,0.1016,1,0.1373,0.0002,62,UPI,0.9267,normal,legitimate
c5305375-61aa-cfd8-400e-157c49bbba6d,2026-08-15T07:42:38.759509Z,3048.68,0.0429,0,0.1943,0.0072,889,UPI,0.8537,normal,legitimate
d5a35e0e-c29b-9536-a463-c7d0f9d5b709,2026-07-26T15:30:53.400309Z,500.0,0.7273,4,0.8508,0.092,60,UPI,0.3872,suspicious,legitimate
25b03932-5465-4006-52e3-c3b1d87a6b94,2026-08-06T16:02:58.480731Z,83521.6,0.306,0,0.2684,0.0127,360,UPI,0.8745,legitimate_but_unusual,legitimate
dc34af2f-96ca-d002-0951-3f6748f0a9d8,2026-07-27T10:01:42.204464Z,150.57,0.9557,0,0.1503,0.019,303,UPI,0.6746,borderline,legitimate
52d0ce4a-6dde-07f9-b23b-28e9824b77d3,2026-08-17T00:03:17.411567Z,608.73,0.1148,1,0.0945,0.0205,395,UPI,0.975,normal,legitimate
c689be51-1be7-f0f4-cd42-37f3deca40ad,2026-07-29T05:32:46.406484Z,1780.98,0.0221,0,0.102,0.0649,1178,card,0.9838,normal,legitimate
40c01513-58bf-0004-469f-a4fc080a646c,2026-07-25T06:08:47.904708Z,1345.91,0.0461,0,0.2404,0.0306,486,UPI,0.9428,normal,legitimate
7a2b8ff3-8c58-a900-763b-039a95ff52a3,2026-08-10T10:41:32.683091Z,1007.88,0.0099,0,0.05,0.12,916,UPI,0.985,normal,legitimate
962f3a2e-1957-498e-d4db-6491554c2479,2026-08-04T05:21:34.803321Z,987.49,0.049,0,0.1384,0.0104,822,card,0.9841,normal,legitimate
f8cdc3f0-5569-9344-b923-d51715b80b69,2026-08-02T11:29:44.299254Z,3203.17,0.7321,3,0.7648,0.3095,151,wallet,0.4026,suspicious,legitimate
35591d69-30c6-1200-1b85-30f12588a781,2026-08-08T14:30:28.890560Z,6627.7,0.8166,5,0.8362,0.1321,19,UPI,0.45,suspicious,fraud
c931919b-b92e-4318-1d8e-cd7672c01e90,2026-08-01T20:31:48.886404Z,1138.83,0.1496,0,0.1252,0.9275,75,wallet,0.8097,merchant_anomaly,legitimate
ea6ccb0c-6b22-a2ac-a06c-f9d7d05e1223,2026-08-23T08:39:32.013904Z,212.4,0.2367,0,0.0632,0.025,126,UPI,0.9684,normal,legitimate
96b8b8ec-9e55-9c8a-dd4f-99e029ed1eb2,2026-07-26T11:02:48.071033Z,932.53,0.0392,1,0.0338,0.0119,644,UPI,0.8576,normal,legitimate
c260d110-9c6f-cbb5-e8a1-6d3a9c08f8ef,2026-08-22T16:35:06.428410Z,62.16,0.1605,0,0.2369,0.0234,1016,UPI,0.9492,normal,legitimate
4c13ab0a-c7cc-bb09-f8ed-b415567007bf,2026-08-13T00:47:20.275316Z,425.16,0.0065,0,0.2004,0.0584,1017,UPI,0.9447,normal,legitimate
ce83685f-2510-4d01-4739-7f42fa541ab2,2026-08-05T10:05:31.441307Z,1106.89,0.0637,0,0.1392,0.013,534,UPI,0.9448,normal,legitimate
8efc77f6-1fef-b08f-1bda-5a1315c1e4c6,2026-08-22T19:08:10.671422Z,237.56,0.1177,0,0.0451,0.0106,187,wallet,0.9174,normal,legitimate
755cb6d1-1485-e283-d55a-5be2db24f297,2026-08-10T10:46:33.398279Z,332.54,0.1853,0,0.058,0.043,644,UPI,0.8984,normal,legitimate
9ecd5c74-00ce-eefe-74a5-a7a035ae69b2,2026-07-29T20:09:34.833298Z,90.47,0.0361,1,0.1063,0.035,685,card,0.9861,normal,legitimate
32d21d33-6b07-e961-36de-a483f304b5fb,2026-07-24T21:11:04.989099Z,160.05,0.0612,0,0.113,0.0665,282,UPI,0.9731,normal,legitimate
06149eb6-0214-eaaf-6e46-2ce596432dd8,2026-07-31T08:48:36.858599Z,474.85,0.0211,2,0.2113,0.0438,651,UPI,0.9658,normal,legitimate
7c891dc2-cb69-3462-0654-4b061ce0cc10,2026-08-06T02:43:12.853158Z,842.06,0.1758,0,0.2284,0.0104,550,UPI,0.9572,normal,legitimate
9c8c1bcc-874e-348a-04fd-60269cec817c,2026-08-01T17:04:43.474036Z,1561.14,0.2331,2,0.1831,0.0769,627,UPI,0.9545,normal,legitimate
cc849324-3adc-b2ea-d615-7dc607db7cb8,2026-08-21T04:57:07.049137Z,757.55,0.0009,0,0.1859,0.0181,738,netbanking,0.8972,normal,legitimate
b84aaf03-1c6d-8557-cdef-b61ddb248017,2026-07-28T01:56:23.329248Z,1091.91,0.0632,1,0.2298,0.0267,153,UPI,0.9241,normal,legitimate
d1fd9958-cd1c-13f5-1397-c1f9d1d7b292,2026-08-11T15:07:07.655145Z,648.88,0.0672,0,0.0837,0.0201,160,card,0.9723,normal,legitimate
c6e53d1f-abbd-289c-fce9-c37e07434cd5,2026-07-24T23:17:10.241694Z,467.29,0.0255,0,0.143,0.0247,996,UPI,0.9594,normal,legitimate
665b4a91-5980-6b33-adc6-80b0792875b1,2026-08-07T01:18:28.486475Z,294.77,0.0417,0,0.0993,0.0825,825,netbanking,0.8937,normal,legitimate
38a35f49-02e6-8710-055c-6c182fadb22e,2026-08-18T09:28:21.913042Z,6082.95,0.9455,5,0.963,0.6236,38,UPI,0.0817,fraud,fraud
a233a310-ac52-b515-3092-59147a30d0db,2026-08-14T23:10:55.781339Z,552.84,0.7335,5,0.7838,0.1329,142,card,0.4021,suspicious,legitimate
5783241d-14e7-1688-328b-60583aae3ee1,2026-08-18T02:27:35.369257Z,524.36,0.0004,1,0.1613,0.0336,1170,UPI,0.9817,normal,legitimate
f2ca232e-d36e-9741-9f49-a9822b8df6d5,2026-08-19T07:29:04.559399Z,3225.26,0.9715,4,0.7804,0.0442,39,wallet,0.3181,suspicious,legitimate
a2455deb-9561-49c9-aaff-387f8e281893,2026-08-11T10:37:06.065284Z,411.0,0.2353,0,0.0306,0.035,378,UPI,0.8603,normal,legitimate
4004e5bc-230d-7f57-1880-8ad5242606a2,2026-08-20T10:53:09.023588Z,833.09,0.0449,0,0.0548,0.0219,1088,netbanking,0.8736,normal,legitimate
002751e9-ee0a-b90a-b31d-b6d7e3b36d47,2026-07-28T07:29:57.618624Z,591.41,0.1165,3,0.0517,0.0747,240,netbanking,0.7851,borderline,fraud
89ed22d4-531e-1594-d02a-44b94c2be33a,2026-08-07T23:20:29.806303Z,71326.3,0.5995,1,0.3549,0.0618,1297,card,0.9198,legitimate_but_unusual,legitimate
27f0bda7-18a6-7cee-04fd-048d8ae536bc,2026-08-05T09:02:05.328394Z,399.08,0.0622,0,0.1126,0.0489,260,card,0.9565,normal,legitimate
0e50f18a-4105-5bea-f907-3ecafa37193b,2026-08-22T06:55:12.504842Z,313.78,0.1999,5,0.3423,0.0376,1222,card,0.8435,legitimate_but_unusual,legitimate
44fbb8da-a5af-b211-eceb-057e2812ea6f,2026-08-08T03:16:05.358667Z,381.23,0.2169,0,0.0998,0.0636,1079,UPI,0.9826,normal,legitimate
7c25d872-8394-b3a4-13a4-d9b88947c8c7,2026-08-13T20:58:47.887926Z,2102.33,0.0132,1,0.0407,0.0167,195,card,0.9708,normal,legitimate
a10181d0-72e0-bc42-68a2-2748864ffc7e,2026-07-28T19:40:51.424423Z,766.86,0.0529,0,0.1677,0.0381,734,UPI,0.9362,normal,legitimate
10750d55-6e0b-f5f8-773d-44f78f374ef2,2026-08-08T07:42:59.403727Z,1007.05,0.8416,7,0.8967,0.4658,72,UPI,0.29,fraud,fraud
9184ae16-3e83-155f-7306-7a3870c40210,2026-08-14T07:26:11.267220Z,315.93,0.1767,0,0.0617,0.0955,1194,card,0.9285,normal,legitimate
aa36fd9d-cb5b-d6f2-005a-efb438a9a540,2026-08-08T13:12:17.562477Z,45.06,0.0779,0,0.0945,0.0344,761,netbanking,0.9891,normal,legitimate
7b884da9-03ad-b468-a8bc-f0a6acbbf7a8,2026-08-12T08:58:59.484802Z,6746.38,0.9201,4,0.7219,0.2637,59,UPI,0.6541,suspicious,legitimate
67b8238c-7d54-c19f-2186-50aba442303d,2026-08-14T16:10:50.174066Z,1280.78,0.2452,3,0.0079,0.1451,579,card,0.7699,borderline,fraud
74228ab2-065e-24bb-8810-1f4c722b4e31,2026-08-04T05:32:44.720993Z,870.24,0.2441,1,0.1831,0.1162,299,UPI,0.9218,normal,legitimate
8a46a678-5d2b-ffd7-0e9f-a6fa5a7f0441,2026-08-16T09:48:46.649773Z,574.59,0.2161,0,0.1535,0.026,818,UPI,0.8894,normal,legitimate
8542b7df-da72-70bb-a710-f09861e22f40,2026-08-03T12:43:35.699982Z,70.04,0.0768,0,0.2312,0.0712,147,UPI,0.857,normal,legitimate
16548cfb-9822-738e-dec4-cf4fad9750af,2026-07-27T08:29:47.939756Z,668.06,0.7242,1,0.7324,0.0747,282,UPI,0.7521,borderline,fraud
d2fddfc7-a1a7-1831-097b-b57558993536,2026-08-11T22:31:06.004107Z,757.49,0.1539,0,0.0605,0.0196,219,UPI,0.8546,normal,legitimate
629b7b9a-c72b-1f2b-6dfe-0fabcddb7fa4,2026-08-09T19:00:48.610400Z,766.04,0.245,0,0.1018,0.101,810,card,0.94,normal,legitimate
db8a4aaf-ef7a-5d45-9c43-a1298c6b1822,2026-07-30T02:04:42.173078Z,247.49,0.2129,0,0.0569,0.0486,1081,card,0.9531,normal,legitimate
aeafcd08-22a0-612c-cd38-c9e8508c1c64,2026-07-24T23:51:04.819060Z,333.32,0.2278,1,0.0634,0.0145,1136,card,0.8878,normal,legitimate
6321e5e3-14ee-d815-fbac-9349ea80020b,2026-08-22T02:19:50.170131Z,1655.14,0.1916,0,0.0046,0.0176,348,netbanking,0.9703,normal,legitimate
55ab7bc3-6b45-9ec7-1775-de2350b23e1d,2026-08-03T06:34:46.880195Z,502.72,0.208,0,0.1555,0.0975,781,card,0.9089,normal,legitimate
ded0d957-989b-7377-161d-abba97c514d1,2026-08-18T14:13:25.275152Z,219.47,0.1823,0,0.2359,0.0172,200,card,0.9283,normal,legitimate
35c4498d-eb20-cdf7-84a1-998fddeba116,2026-07-30T15:37:22.835920Z,53.52,0.2168,0,0.0359,0.0635,399,UPI,0.99,normal,legitimate
f6133c4e-45d4-6678-372f-6ce0d25c8680,2026-08-13T20:35:33.021870Z,662.57,0.1783,0,0.197,0.0072,603,UPI,0.9047,normal,legitimate
c3765a9a-1103-affe-fb17-a3d3c8189e8b,2026-08-19T05:37:18.282599Z,19.1,0.0327,0,0.2151,0.0131,452,UPI,0.9064,normal,legitimate
9e5c521c-2e73-fa60-e318-b1d86cf7fd74,2026-08-01T16:51:49.097617Z,3833.41,0.0035,0,0.1179,0.0665,124,wallet,0.9952,normal,legitimate
e5dc4ce1-c786-c297-31e6-9fa642201dae,2026-08-10T22:30:52.581331Z,980.87,0.2221,0,0.019,0.0146,984,UPI,0.9089,normal,legitimate
d3b05546-34ff-8b08-8b2c-5194bd3a4767,2026-07-31T13:56:43.806649Z,8806.48,0.885,6,0.7148,0.2916,51,UPI,0.4083,suspicious,legitimate
11645c02-1a80-9d9b-170a-e63a1c64c37a,2026-08-15T23:03:36.703292Z,500.0,0.8744,4,0.9621,0.1255,187,UPI,0.647,suspicious,fraud
87355592-19bc-037a-b2b5-ac47ac58add6,2026-07-31T20:15:21.231310Z,358.47,0.2198,0,0.0135,0.0155,150,UPI,0.9752,normal,legitimate
49be722e-2674-becc-8c1b-71869ef8402f,2026-08-10T06:53:06.489126Z,214.44,0.2076,0,0.0714,0.0025,980,UPI,0.9181,normal,legitimate
aca4959b-ec46-3309-a1e0-984b884f0d65,2026-08-21T23:26:55.282086Z,1162.53,0.1068,1,0.1174,0.0359,346,card,0.9301,normal,legitimate
a5f1e32e-b7d7-69fe-0412-e936adce8e7d,2026-08-12T06:09:55.258679Z,1314.37,0.9467,1,0.8717,0.1995,197,UPI,0.5466,borderline,fraud
1f1d719d-ae0f-d0ab-552b-74fd9646d05b,2026-07-27T03:14:26.151188Z,61.13,0.2054,0,0.2274,0.0474,1176,UPI,0.8704,normal,legitimate
287b00fd-73ae-4712-2b28-7ecb59134616,2026-08-12T14:19:39.011568Z,2730.0,0.9056,5,0.2224,0.0876,306,UPI,0.8937,borderline,fraud
552af1c4-840e-bdf6-fdf1-d202b6f4a23f,2026-08-12T06:22:56.821198Z,506.32,0.206,0,0.1305,0.0942,318,card,0.9054,normal,legitimate
44c54a10-2f35-9740-13e5-d4d464af6038,2026-08-17T12:22:02.026598Z,2191.33,0.1069,0,0.1679,0.0033,773,wallet,0.9849,normal,legitimate
f85bcd91-4b15-1838-8a54-714264a17e75,2026-08-23T12:00:40.636550Z,436.22,0.1668,0,0.2314,0.083,978,UPI,0.9274,normal,legitimate
5f0b2aa5-c606-9f18-3347-a32ce821c6f0,2026-07-26T09:09:33.035832Z,123.92,0.2279,0,0.1285,0.0161,210,UPI,0.8606,normal,legitimate
897489f8-450f-4776-c7c4-30214e7d2e30,2026-08-09T06:24:20.620069Z,2708.67,0.9818,3,0.9617,0.0981,28,card,0.7267,suspicious,fraud
b727295b-3a29-8d7f-6c43-8cfcc5b79154,2026-07-31T14:20:42.863377Z,541.26,0.0197,0,0.044,0.0054,828,UPI,0.9501,normal,legitimate
946e7221-f5ae-f0be-8ad9-5ecae665a08c,2026-08-19T19:00:19.226487Z,221.66,0.0398,0,0.1094,0.005,66,UPI,0.8524,normal,legitimate
03c801fc-99da-dc21-b9a1-93861ce88be6,2026-08-03T08:54:10.155563Z,60.68,0.1216,1,0.1045,0.01,209,UPI,0.9468,normal,legitimate
748d34ea-05aa-2ce2-62b8-c25e7b7f6abf,2026-07-27T00:29:07.213419Z,518.49,0.1057,0,0.1061,0.0084,1084,netbanking,0.9755,normal,legitimate
cc6f2ef8-3165-933a-2c2a-2eeb29b87aff,2026-08-03T17:45:41.850142Z,185.44,0.8373,1,0.0488,0.0892,38,card,0.7844,borderline,legitimate
585a75d2-7ac9-ba65-b134-6361aa95e917,2026-08-15T16:18:19.311844Z,700.67,0.0669,0,0.119,0.0547,1008,card,0.8543,normal,legitimate
3f0c78d1-9c44-6c1b-1af7-64658595815b,2026-08-17T12:10:27.959046Z,337.64,0.1511,0,0.8609,0.1472,548,card,0.872,borderline,legitimate
d128a242-72c4-98a6-e0ee-3de88552cddf,2026-08-16T18:23:43.519772Z,391.17,0.1852,1,0.1161,0.0572,417,UPI,0.93,normal,legitimate
2efa1cc6-0ec2-3423-68a7-179a92b23f57,2026-08-17T16:09:41.370515Z,72.85,0.1149,1,0.0196,0.0557,41,UPI,0.9705,normal,legitimate
0d3cef3d-b17c-9276-9b99-c5b66d3f123c,2026-08-21T03:16:01.312121Z,1774.89,0.1229,1,0.1067,0.0108,1084,UPI,0.8595,normal,legitimate
62746a24-94f0-1a13-4815-131f9bc45ec8,2026-08-12T00:53:34.732283Z,5495.25,0.0663,0,0.1134,0.0193,576,netbanking,0.8646,normal,legitimate
d83e9403-1979-c81d-a29a-57703858d6f2,2026-08-04T07:41:11.837734Z,500.0,0.7955,7,0.9183,0.0485,118,netbanking,0.4267,suspicious,fraud
43b550ab-2264-59de-d023-4cd4e1518f10,2026-08-17T14:42:21.975446Z,384.77,0.0843,0,0.2227,0.0131,200,UPI,0.8593,normal,legitimate
